ID,URL,Title,Name,Year,Div,Views,Songs
-0f1gzozR98,https://www.youtube.com/watch?v=-0f1gzozR98,Sean Walsh For Donovan 2022,Sean Walsh   ,2022,D3,321.0,Hotel Room Service (Instrumental) - Pitbull
-7cXtjukgCE,https://www.youtube.com/watch?v=-7cXtjukgCE,"Aaron ""Xbox"" Maymin Callahan 2022","Aaron ""Xbox"" Maymin  ",2022,D1,2721.0,"Stayin' Alive (From ""Saturday Night Fever"" Soundtrack) - Bee Gees"
-7pHZr7UY1Y,https://www.youtube.com/watch?v=-7pHZr7UY1Y,Nilos Makino for Callahan 2022,Nilos Makino   ,2022,D1,1846.0,Ni**as In Paris (Album Version (Edited)) - JAŸ-Z
-84xlJJv_Bs,https://www.youtube.com/watch?v=-84xlJJv_Bs,Matt Gouchoe-Hanas for Callahan 2019,Matt Gouchoe-Hanas   ,2019,D1,98005.0,"Scared of the Dark (Remix) - Lil Wayne, Ty Dolla $ign, Ozuna|Our Own House - MisterWives"
-9NFSCWrAwA,https://www.youtube.com/watch?v=-9NFSCWrAwA,"Claire ""Cece"" Rhyneer for Donovan 2026","Claire ""Cece"" Rhyneer   ",2026,D3,409.0,Because I’m Me - The Avalanches
-A8sF-g07n4,https://www.youtube.com/watch?v=-A8sF-g07n4,2022 Men's Donovan Award Ceremony, Men's   Ceremony,2022,D3,657.0,no songs found
-GWIUHMriT0,https://www.youtube.com/watch?v=-GWIUHMriT0,Evi Ashkenazi - Callahan 2025,Evi Ashkenazi -  ,2025,D1,550.0,No More ?'S - Eazy-E|Blow Me - P!nk
-JcdXOtqJkw,https://www.youtube.com/watch?v=-JcdXOtqJkw,Man Nguyen Donovan 2022,Man Nguyen  ,2022,D3,178.0,POWER (Album Version (Edited)) - Kanye West|Right Above It - Lil Wayne
-QGsB6-hqS4,https://www.youtube.com/watch?v=-QGsB6-hqS4,Claire Lee for Donovan 2026,Claire Lee   ,2026,D3,739.0,Mama Said Knock You Out - LL Cool J
-RDlZCJWCa4,https://www.youtube.com/watch?v=-RDlZCJWCa4,Anna Clements Donovan 2022,Anna Clements  ,2022,D3,401.0,Chaise Longue - Wet Leg
-TBOwqgVVR4,https://www.youtube.com/watch?v=-TBOwqgVVR4,Eamon Conneely for Callahan 2026,Eamon Conneely   ,2026,D1,1100.0,Cut To The Feeling - Carly Rae Jepsen
-Y7Vb3iYung,https://www.youtube.com/watch?v=-Y7Vb3iYung,Levi Dohman - 2025 Callahan Nominee,Levi Dohman -   ,2025,D1,3438.0,Higher - Creed
-auLSJGS0pI,https://www.youtube.com/watch?v=-auLSJGS0pI,Mike Dzelgalvis for Callahan 2023,Mike Dzelgalvis   ,2023,D1,2331.0,Welcome To The Jungle - Guns N' Roses
-dZ2IComvgc,https://www.youtube.com/watch?v=-dZ2IComvgc,Arden Markin Callahan 2025,Arden Markin  ,2025,D1,285.0,Feel It - d4vd|I Ain't Worried (Sped Up) - OneRepublic
-i1loZBGTWQ,https://www.youtube.com/watch?v=-i1loZBGTWQ,Alex Stumphauzer's Donovan Nomination,Alex Stumphauzer's  Nomination,unknown,D3,506.0,no songs found
-j4DQDjFmVY,https://www.youtube.com/watch?v=-j4DQDjFmVY,Bridget Mizener for Callahan 2021 Part 2: Nationals Edition,Bridget Mizener    Part 2 Nationals Edition,2021,D1,3600.0,Are You Gonna Be My Girl - Jet
-krFfpW5F3k,https://www.youtube.com/watch?v=-krFfpW5F3k,Callahan 2014: Sam Hanlon,  Sam Hanlon,2014,D1,892.0,no songs found
-mge-_QWLuw,https://www.youtube.com/watch?v=-mge-_QWLuw,"Cameron ""Plank"" Park - Donovan 2021","Cameron ""Plank"" Park -  ",2021,D3,649.0,Paparazzi - Lady Gaga
-nu7D--GxoI,https://www.youtube.com/watch?v=-nu7D--GxoI,Vic Chen for Callahan 2025,Vic Chen   ,2025,D1,554.0,"APT. - 로제 (ROSÉ), Bruno Mars"
-ojQJHq_ZlI,https://www.youtube.com/watch?v=-ojQJHq_ZlI,"Hazel ""Cash"" Ostrowski 2023 Callahan","Hazel ""Cash"" Ostrowski  ",2023,D1,3090.0,"Song: ""I'm a Ruler"" by Tommee Profitt (ft. Ruby Amanfu)"
-uRvHEcXvbA,https://www.youtube.com/watch?v=-uRvHEcXvbA,Connor Ughetta Callahan 2019,Connor Ughetta  ,2019,D1,4120.0,"Music:
Feeling Good (Bassnectar Remix) by Nina Simone
Hammer Time (feat. 1K Phew) by Lecrae"
09djKFfhUAo,https://www.youtube.com/watch?v=09djKFfhUAo,Sara Liang for Callahan 2023 (O.V. Regionals Edition),Sara Liang    (O.V. Regionals Edition),2023,D1,2158.0,HandClap - Fitz and The Tantrums
09oXU-Ew0dc,https://www.youtube.com/watch?v=09oXU-Ew0dc,2020 Donovan - Garrett Wibbelsman,  - Garrett Wibbelsman,2020,D3,1314.0,"music

Official music video for “Thunderstruck” by AC/DC
Listen to AC/DC: https://ACDC.lnk.to/listenYD"
0D945cIQXK0,https://www.youtube.com/watch?v=0D945cIQXK0,Zach Singer for Callahan 2023,Zach Singer   ,2023,D1,3828.0,no songs found
0GBcXH8IX_4,https://www.youtube.com/watch?v=0GBcXH8IX_4,Ben Jagt - 2017 Callahan Nominee - Real Video 1,Ben Jagt -    - Real Video 1,2017,D1,22344.0,no songs found
0NTf-qKdCyc,https://www.youtube.com/watch?v=0NTf-qKdCyc,Tyler Husband Callahan 2026,Tyler Husband  ,2026,D1,824.0,Best Song Ever - One Direction|Where Is My Husband! - RAYE|Paper Planes (Afrikan Boy & Rye Rye Remix) - M.I.A.
0Oy5gqA_Obc,https://www.youtube.com/watch?v=0Oy5gqA_Obc,David Lowell for Callahan 2017,David Lowell   ,2017,D1,5633.0,no songs found
0QXnaWrEzbU,https://www.youtube.com/watch?v=0QXnaWrEzbU,Clare Frantz Callahan Nomination 2017 #CallaFrantz,Clare Frantz  Nomination  #CallaFrantz,2017,D1,3391.0,no songs found
0TC31tmCikI,https://www.youtube.com/watch?v=0TC31tmCikI,Kyle Brun - Callahan 2022,Kyle Brun -  ,2022,D1,1085.0,Pay My Rent - DNCE
0bH7Dv2SlS8,https://www.youtube.com/watch?v=0bH7Dv2SlS8,Rutledge Smith Callahan 2024,Rutledge Smith  ,2024,D1,35868.0,ballad of a homeschooled girl - Olivia Rodrigo
0kZOMwQ_NmU,,,,,,,"You Know My Name (From ""Casino Royale"" Soundtrack) - Chris Cornell"
0rBqCrlUXts,https://www.youtube.com/watch?v=0rBqCrlUXts,"Keziah ""Kez"" Wilde for Donovan 2024","Keziah ""Kez"" Wilde   ",2024,D3,1024.0,"Back On My BS - BigXthaPlug|adore u - Fred again.., Obongjayar"
0wuQ1Xjvfyc,https://www.youtube.com/watch?v=0wuQ1Xjvfyc,"Clay ""Future"" Hundertmark for Donovan 2022","Clay ""Future"" Hundertmark   ",2022,D3,568.0,"Music - March Madness by Future 
I Don't Care by Ed Sheeran and Justin Bieber"
0wyzsGjoCYM,https://www.youtube.com/watch?v=0wyzsGjoCYM,JJ Galian for Donovan 2024,JJ Galian   ,2024,D3,642.0,Trophies - Young Money
10YIYnr605M,https://www.youtube.com/watch?v=10YIYnr605M,Danielle Byers for Callahan 2018,Danielle Byers   ,2018,D1,5596.0,"Music:
Le Disko by Shiny Toy Guns
https://youtu.be/jJH38M723aU

Money by Leikeli47
https://youtu.be/JAM_ONZgPnE

Edited by iamjonah
https://www.youtube.com/channel/UCW6Nyv9HJg0Pw3knfELvu2A/featured"
15p38YLTPwE,https://www.youtube.com/watch?v=15p38YLTPwE,Theo Shapinsky for Callahan 2024,Theo Shapinsky   ,2024,D1,1577.0,Cobrastyle - Teddybears
17pflALlcTY,https://www.youtube.com/watch?v=17pflALlcTY,Jackson Jones for Callahan 2018,Jackson Jones   ,2018,D1,1211.0,no songs found
1Byi7R9ECTg,https://www.youtube.com/watch?v=1Byi7R9ECTg,Callie Mah 2014 Callahan Nomination Video,Callie Mah   Nomination Video,2014,D1,3513.0,no songs found
1Cgyal23r7c,https://www.youtube.com/watch?v=1Cgyal23r7c,Rowan Jaynes for Callahan 2020,Rowan Jaynes   ,2020,D1,2341.0,Down - Marian Hill
1E6CyPbl2X8,https://www.youtube.com/watch?v=1E6CyPbl2X8,Alex Kenworthy Donovan 2018,Alex Kenworthy  ,2018,D3,1200.0,no songs found
1FZLXM6Zmvw,,,,,,,No Songs Detected
1IQ7BNPupdw,https://www.youtube.com/watch?v=1IQ7BNPupdw,Ian VanOrder for Donovan 2025,Ian VanOrder   ,2025,D3,781.0,I'm A Winner A - The Arcitype|The Walker - Fitz and The Tantrums
1IchYxPGDFc,https://www.youtube.com/watch?v=1IchYxPGDFc,Brittany Wright for Callahan,Brittany Wright  ,unknown,D1,559.0,"Song - ""Changes"" by Dej Loaf

Special Thanks to:
Hallie's Dad

Ultiworld

NC State 

Liv Perfetti"
1KXwvloPQC8,https://www.youtube.com/watch?v=1KXwvloPQC8,Ian Morritse Callahan 2024,Ian Morritse  ,2024,D1,101.0,Sweet Victory 2 {188929} - Bob Kulick;David G Eisley;Bruton Music - Bruton Music
1OadXG3NCmw,https://www.youtube.com/watch?v=1OadXG3NCmw,Matthew Timoney Donovan 2024,Matthew Timoney  ,2024,D3,1071.0,Didn't Cha Know - Erykah Badu|Blue Suede - Vince Staples
1P9oaqOoT50,https://www.youtube.com/watch?v=1P9oaqOoT50,Andrew Sington Callahan 2024,Andrew Sington  ,2024,D1,1915.0,"You're Welcome (From ""Moana""/Soundtrack Version) - Dwayne Johnson, Disney"
1Q961FXJzhM,https://www.youtube.com/watch?v=1Q961FXJzhM,"Noah ""Ghost"" Baumann for Donovan 2026","Noah ""Ghost"" Baumann   ",2026,D3,411.0,The Largest - BigXthaPlug|Pump It - The Black Eyed Peas
1V27ZHLFiIQ,https://www.youtube.com/watch?v=1V27ZHLFiIQ,Kyle Henke for Callahan 2019,Kyle Henke   ,2019,D1,11393.0,Song: Morph // Twenty One Pilots
1_Qf0cgg7oo,https://www.youtube.com/watch?v=1_Qf0cgg7oo,Emelie McKain Callahan 2012,Emelie McKain  ,2012,D1,2123.0,no songs found
1d4fvrvcb3Q,https://www.youtube.com/watch?v=1d4fvrvcb3Q,Xavier Maxstdt Callahan 2015: The Wu Edit,Xavier Maxstdt   The Wu Edit,2015,D1,13468.0,no songs found
1e2uFdlzV_w,https://www.youtube.com/watch?v=1e2uFdlzV_w,"Kirtan ""Q"" Patel for Callahan 2019: The Prelude","Kirtan ""Q"" Patel    The Prelude",2019,D1,9894.0,"Songs used:
intro song: ""Circle of Life"" - The Lion King
https://www.youtube.com/watch?v=GibiNy4d4gc
main song: Sia ft. Kendrick Lamar - The Greatest (KALM Remix)
https://www.youtube.com/watch?v=HKtdy8TJSm4

Call to Action Video for Q's birthday: https://youtu.be/GhFss9eL_b8"
1fqvDuhf65o,https://www.youtube.com/watch?v=1fqvDuhf65o,Anders Juengst | Callahan 2021,Anders Juengst   ,2021,D1,39132.0,XS (Bree Runway Remix) - Rina Sawayama
1lP5xjmnhPk,https://www.youtube.com/watch?v=1lP5xjmnhPk,Tristan Yarter Callahan 2025,Tristan Yarter  ,2025,D1,15195.0,"Harder, Better, Faster, Stronger - Far Out"
1m0CuHnhkNk,https://www.youtube.com/watch?v=1m0CuHnhkNk,Cylie Miller Callahan 2017,Cylie Miller  ,2017,D1,829.0,no songs found
1s6U3xLhbqU,https://www.youtube.com/watch?v=1s6U3xLhbqU,Chris LaRocque Callahan 2015,Chris LaRocque  ,2015,D1,27705.0,music.
1tG6YWoM0jY,https://www.youtube.com/watch?v=1tG6YWoM0jY,Gavin Thomas Abrahamsson Callahan 2026,Gavin Thomas Abrahamsson  ,2026,D1,6405.0,Layla - Derek & The Dominos
1tQJmOeb2CY,https://www.youtube.com/watch?v=1tQJmOeb2CY,Ashley Schlinger for Donovan 2026,Ashley Schlinger   ,2026,D3,440.0,no songs found
1vS3ErhztnQ,https://www.youtube.com/watch?v=1vS3ErhztnQ,Kydan Young for Callahan 2026,Kydan Young   ,2026,D1,1150.0,Into The Otherside - The Listros|Duality - Slipknot
1x4HbtQ8544,https://www.youtube.com/watch?v=1x4HbtQ8544,Meet the 2016 Callahan Men's Nominees,Meet the   Men's s,2016,D1,9267.0,no songs found
20u9vI7g4pk,https://www.youtube.com/watch?v=20u9vI7g4pk,Hayley Wahlroos Callahan,Hayley Wahlroos ,unknown,D1,38760.0,Music: Zara Larsson – Never Forget You (Price & Takis Remix) & Childish Gambino – Redbone
23LJ6g_vowg,https://www.youtube.com/watch?v=23LJ6g_vowg,Will Selfridge Callahan 2026,Will Selfridge  ,2026,D1,7012.0,Money For Nothing (Single Edit / Remastered 2022) - Dire Straits|Black Sheep (Brie Larson Vocal Version / Bonus Track) - Metric
29F2_PT3aP4,https://www.youtube.com/watch?v=29F2_PT3aP4,Eli Kerns 2014 Callahan Nominee,Eli Kerns   ,2014,D1,13661.0,no songs found
2GKuA-9roSE,https://www.youtube.com/watch?v=2GKuA-9roSE,Morgan Caldwell for Callahan,Morgan Caldwell  ,unknown,D1,3738.0,no songs found
2GmO5Tnj-_A,https://www.youtube.com/watch?v=2GmO5Tnj-_A,Wiseman for Callahan 2012,Wiseman   ,2012,D1,9024.0,no songs found
2L5jIgPwdfs,https://www.youtube.com/watch?v=2L5jIgPwdfs,Britta Bergstrom for Callahan 2022,Britta Bergstrom   ,2022,D1,1104.0,no songs found
2NCZOxBqfHY,https://www.youtube.com/watch?v=2NCZOxBqfHY,Caitlin Fitzgerald - Callahan 2016,Caitlin Fitzgerald -  ,2016,D1,3975.0,no songs found
2NTjXmcqI-Y,https://www.youtube.com/watch?v=2NTjXmcqI-Y,"Jack ""Chip"" Verzuh for Callahan 2019","Jack ""Chip"" Verzuh   ",2019,D1,15740.0,"Mouth of the Beast - KRISTOFF KRANE, Ceschi"
2O1xPC5K2PQ,https://www.youtube.com/watch?v=2O1xPC5K2PQ,"Calvin ""B.A.N.E."" Bird Callahan 2023","Calvin ""B.A.N.E."" Bird  ",2023,D1,3250.0,Music: Fearless Hero - Puss in Boots
2OtDTkdK80I,https://www.youtube.com/watch?v=2OtDTkdK80I,Sarina Shah Callahan 2025 SDSU,Sarina Shah   SDSU,2025,D1,284.0,Pepas - Farruko
2QNqGiw4c7A,https://www.youtube.com/watch?v=2QNqGiw4c7A,Tim Shelton for Callahan 2007,Tim Shelton   2007,unknown,D1,17142.0,no songs found
2WDJHXuc-g4,https://www.youtube.com/watch?v=2WDJHXuc-g4,Harry Wilcox for Donovan 2023,Harry Wilcox   ,2023,D3,684.0,no songs found
2dFaOKwgd5Q,https://www.youtube.com/watch?v=2dFaOKwgd5Q,Cam Bellando for Donovan 2017,Cam Bellando   ,2017,D3,904.0,no songs found
2dJ_eJHzVY4,https://www.youtube.com/watch?v=2dJ_eJHzVY4,Marisa Rafter Callahan 2016,Marisa Rafter  ,2016,D1,94476.0,Truth Is - Brother Ali|Jump in the Line - Harry Belafonte|My Boo (Hitman's Club Mix) - Ghost Town DJs
2gMzDCsvAYI,https://www.youtube.com/watch?v=2gMzDCsvAYI,Ethan Penner for Donovan 2017,Ethan Penner   ,2017,D3,1786.0,"Music: 
Way Down in Arkansas by The New Christy Minstrels
Summer by Marshmello

Photos courtesy of:
Tim Stephansen
Jeff Branson"
2jP46-5U6Uk,https://www.youtube.com/watch?v=2jP46-5U6Uk,Bobby Ley for Callahan 2016,Bobby Ley   ,2016,D1,27583.0,no songs found
2lINH5yAI74,https://www.youtube.com/watch?v=2lINH5yAI74,Marissa 'Reese' Schwartz Callahan 2018,Marissa 'Reese' Schwartz  ,2018,D1,1858.0,no songs found
2lz2korF-tw,https://www.youtube.com/watch?v=2lz2korF-tw,Sophia Palmer Callahan 2024,Sophia Palmer  ,2024,D1,941.0,The Spins - Mac Miller
2sG3YgQj5-E,https://www.youtube.com/watch?v=2sG3YgQj5-E,2020 Donovan Award Presentation (Men's),   Presentation (Men's),2020,D3,1658.0,no songs found
2t2VDh3SfIE,https://www.youtube.com/watch?v=2t2VDh3SfIE,Henry Babcock - Callahan 2016,Henry Babcock -  ,2016,D1,6575.0,no songs found
32Rhrfv6Fpk,https://www.youtube.com/watch?v=32Rhrfv6Fpk,"Delilah ""Trek"" Masket for Callahan 2026","Delilah ""Trek"" Masket   ",2026,D1,924.0,"Music:
Twerkulator - City Girls
Thootie - Ice Spice and Tokischa

Credits:
Ultiworld
Ultiphotos
Garret Bush
Shiv"
34XMqNcZ_34,https://www.youtube.com/watch?v=34XMqNcZ_34,Morgan Williams for Callahan 2024,Morgan Williams   ,2024,D1,263.0,Don't Sweat The Technique - Eric B. & Rakim
36AKq7jSw1o,https://www.youtube.com/watch?v=36AKq7jSw1o,Jack Weinberg - Callahan 2026,Jack Weinberg -  ,2026,D1,560.0,idk idk - Jim Legxacy|Perfect Timing - Shedeur Sanders|Many Men (Wish Death) - 50 Cent
36vOqWQ-e6s,https://www.youtube.com/watch?v=36vOqWQ-e6s,Soos for Callahan 2018,Soos   ,2018,D1,4976.0,"Music: Confident by Demi Lovato & Build Me Up Buttercup by The Foundations

Footage: ESPN3, Ultiworld, Hallie's dad"
3AlN-M4bm1w,https://www.youtube.com/watch?v=3AlN-M4bm1w,Michael Hickson Callahan 2013,Michael Hickson  ,2013,D1,11712.0,"song: http://www.youtube.com/watch?v=xc41Pw4UUq0
uploaded by YouTube user DubstepPromoter

720p!

This video is only meant to play, is not created for profit !!!

yt:quality=high"
3BgS7sG2amc,https://www.youtube.com/watch?v=3BgS7sG2amc,Brice Dixon (Arizona #3) Callahan Video,Brice Dixon (Arizona #3)  Video,unknown,D1,65505.0,no songs found
3Bmid5LPQZI,https://www.youtube.com/watch?v=3Bmid5LPQZI,Mikey Curtis for Donovan 2026,Mikey Curtis   ,2026,D3,2050.0,Never Going Back Again (2002 Remaster) - Fleetwood Mac|Fly As Me - Bruno Mars|The New Style - Beastie Boys
3FQ4MT4TYIY,https://www.youtube.com/watch?v=3FQ4MT4TYIY,Amanda Murphy | Callahan 2018,Amanda Murphy   ,2018,D1,1078.0,no songs found
3H2ogrtYei0,https://www.youtube.com/watch?v=3H2ogrtYei0,"Stanford Superfly: Xinzhi ""Pongo"" Zou for Callahan 2022","Stand Superfly Xinzhi ""Pongo"" Zou   ",2022,D1,941.0,Rumour Has It - Adele|Rolling in the Deep - Adele
3LYHESgXG8A,https://www.youtube.com/watch?v=3LYHESgXG8A,Tolu Olubajo Callahan 2023,Tolu Olubajo  ,2023,D1,499.0,"Music: America Has A Problem - Beyoncé 

#callahan #ultimate #ultimatefrisbee"
3Lq2FYBZHac,https://www.youtube.com/watch?v=3Lq2FYBZHac,Will Driscoll Callahan 2013,Will Driscoll  ,2013,D1,26583.0,"Song: Beyonce - Halo
#TheReal21"
3QjgF9Jg-7k,https://www.youtube.com/watch?v=3QjgF9Jg-7k,Nick Roberts for Callahan 2017,Nick Roberts   ,2017,D1,8289.0,no songs found
3U1QrKsr0Rk,https://www.youtube.com/watch?v=3U1QrKsr0Rk,Abby Thompson | Callahan 2025,Abby Thompson   ,2025,D1,921.0,Welcome to the DCC - Nothing But Thieves
3U2pRdsiqtE,https://www.youtube.com/watch?v=3U2pRdsiqtE,Austin Hasbrook for Callahan 2024,Austin Hasbrook   ,2024,D1,7207.0,End Game - Taylor Swift|Straight Outta Compton (Remastered 2002) - N.W.A
3UNS3UlzeaM,https://www.youtube.com/watch?v=3UNS3UlzeaM,SYDNEY MANNION CALLAHAN VIDEO 2026,SYDNEY MANNION CALLAHAN VIDEO ,2026,D1,724.0,no songs found
3X8V1_DhijE,https://www.youtube.com/watch?v=3X8V1_DhijE,"2012 College Championships: Open Callahan Winner, Nick Lance Interview"," College Championships Open  Winner, Nick Lance Interview",2012,D1,4531.0,no songs found
3XIq1nFxKYY,https://www.youtube.com/watch?v=3XIq1nFxKYY,Jake Rubin-Miller Callahan 2021,Jake Rubin-Miller  ,2021,D1,3461.0,no songs found
3YAaPioHDKo,https://www.youtube.com/watch?v=3YAaPioHDKo,Itay Chang for Callahan 2023,Itay Chang   ,2023,D1,14704.0,Too Close - Alex Clare
3aZIph0tprA,https://www.youtube.com/watch?v=3aZIph0tprA,Fiona Cashin Callahan 2024,Fiona Cashin  ,2024,D1,1684.0,no songs found
3bSKAqFK5xg,https://www.youtube.com/watch?v=3bSKAqFK5xg,Universe Point: Franciscan vs. Brandeis,Universe Point Franciscan vs. Brandeis,unknown,D1,2245.0,no songs found
3ecSIPNHpNE,https://www.youtube.com/watch?v=3ecSIPNHpNE,Nate Astrom Callahan 2026,Nate Astrom  ,2026,D1,3333.0,Tear in My Heart - Twenty One Pilots|Can't Stop - Red Hot Chili Peppers|BAILE INoLVIDABLE - Bad Bunny
417WgpyPvXI,https://www.youtube.com/watch?v=417WgpyPvXI,Northeastern B Mikellahan 2026: The Last Flick Hucker,Northeastern B Mikellahan  The Last Flick Hucker,2026,D1,402.0,"Great Balls Of Fire (From The ""Great Balls Of Fire"" Soundtrack) - Jerry Lee Lewis"
44D2IP0w8WI,https://www.youtube.com/watch?v=44D2IP0w8WI,Fijo Harris Callahan 2025,Fijo Harris  ,2025,D1,740.0,Still into You - Paramore|Axel F - Crazy Frog
49VWLsJ-ztA,https://www.youtube.com/watch?v=49VWLsJ-ztA,Tyler Barrett for Callahan 2021,Tyler Barrett   ,2021,D1,1404.0,Seven Nation Army - The White Stripes
4N25aHdGhs4,https://www.youtube.com/watch?v=4N25aHdGhs4,"Stella ""Spear"" Dziedzic for Callahan 2025","Stella ""Spear"" Dziedzic   ",2025,D1,401.0,"Music:
Purple Hat - SOFI TUKKER
Circus - Britney Spears

Credits:
Ultiworld
Ultiphotos"
4WBQeYB2kTc,https://www.youtube.com/watch?v=4WBQeYB2kTc,Greg Cho Callahan 2024,Greg Cho  ,2024,D1,2010.0,Fly As Me - Bruno Mars
4_IyKIbrD7Y,https://www.youtube.com/watch?v=4_IyKIbrD7Y,Peter Mans for Donovan 2026,Peter Mans   ,2026,D3,5244.0,White Horse - Chris Stapleton
4_ngVfX8_JI,https://www.youtube.com/watch?v=4_ngVfX8_JI,Brett Gramann Callahan 2018,Brett Gramann  ,2018,D1,11086.0,music.
4aoZoJi13CU,https://www.youtube.com/watch?v=4aoZoJi13CU,UCSC's Michelle Slaughter for Callahan 2020,UCSC's Michelle Slaughter   ,2020,D1,1078.0,"Legends Never Die - League of Legends, Against The Current"
4iQzJIbweUo,https://www.youtube.com/watch?v=4iQzJIbweUo,"Ryan ""Calves"" Lee for Callahan","Ryan ""Calves"" Lee  ",unknown,D1,742.0,"Am I Dreaming - Metro Boomin, A$AP Rocky, Roisee|Love Me Again - John Newman"
4kFkmSQhbIo,https://www.youtube.com/watch?v=4kFkmSQhbIo,Patrick Joyce for Callahan 25-26,Patrick Joyce   25-26,unknown,D1,612.0,Seven Days in Sunny June (Remastered 2006) - Jamiroquai|You Get What You Give (Fade) - New Radicals
4qCHCXnQwxI,https://www.youtube.com/watch?v=4qCHCXnQwxI,Taylor Hartman Callahan 2017,Taylor Hartman  ,2017,D1,7569.0,no songs found
4tp81qLo44g,https://www.youtube.com/watch?v=4tp81qLo44g,Owen Cordes for Callahan 2024,Owen Cordes   ,2024,D1,1315.0,Sprinter (Cover) - GreatDM
4vvZAonQR6o,https://www.youtube.com/watch?v=4vvZAonQR6o,UNC Darkside's Nathan Kwon for Callahan 2018,UNC Darkside's Nathan Kwon   ,2018,D1,81356.0,no songs found
4xXFc5KsoGY,,,,,,,No Songs Detected
4zuq1RZh6Hs,https://www.youtube.com/watch?v=4zuq1RZh6Hs,James Pardo | Callahan 2026,James Pardo   ,2026,D1,7723.0,Linger (2026 Stephen Street Stereo Mix) - The Cranberries|Where Is My Husband! - RAYE
52D0sfqzpQY,https://www.youtube.com/watch?v=52D0sfqzpQY,Myles Grady Callahan 2019,Myles Grady  ,2019,D1,4901.0,no songs found
56mSp0fYm78,https://www.youtube.com/watch?v=56mSp0fYm78,"Callahan 2018 - UF Fuel's Lauren ""Mama"" Bahng","  - UF Fuel's Lauren ""Mama"" Bahng",2018,D1,1089.0,no songs found
57s2MlxCdDM,https://www.youtube.com/watch?v=57s2MlxCdDM,Jim Foster Callahan Video,Jim Foster  Video,unknown,D1,6484.0,no songs found
59x1fI1ladI,https://www.youtube.com/watch?v=59x1fI1ladI,"Maggie ""Mac"" Fan for Callahan 2025","Maggie ""Mac"" Fan   ",2025,D1,290.0,Drowning (feat. Kodak Black) - A Boogie Wit da Hoodie
5Ae-klOiHkk,https://www.youtube.com/watch?v=5Ae-klOiHkk,Ben Fjetland-Souza for Donovan 2022 (St. Olaf Berzerkers),Ben Fjetland-Souza    (St. Olaf Berzerkers),2022,D3,561.0,no songs found
5CLgud8r39Y,https://www.youtube.com/watch?v=5CLgud8r39Y,Jeffrey Monowa Callahan 2016,Jeffrey Monowa  ,2016,D1,1749.0,no songs found
5G8_059NmRA,https://www.youtube.com/watch?v=5G8_059NmRA,Hannah Tritschler for Donovan 2023,Hannah Tritschler   ,2023,D3,357.0,Woke Up This Morning - Flame feat. Wes Writer
5GFGsbMe4UA,https://www.youtube.com/watch?v=5GFGsbMe4UA,Clairahan,Clairahan,unknown,D1,5114.0,no songs found
5GOUfEg2npw,https://www.youtube.com/watch?v=5GOUfEg2npw,Georgia Tse | Callahan 2017,Georgia Tse   ,2017,D1,1377.0,no songs found
5JYGcu-0_AY,https://www.youtube.com/watch?v=5JYGcu-0_AY,Sam Cook for Callahan 2019,Sam Cook   ,2019,D1,8356.0,"Songs:
A Change Is Gonna Come - Sam Cooke
i - Kendrick Lamar
Crank That (Soulja Boy) - Soulja Boy Tell 'Em

No copyright infringement intended"
5Pb9yMpgmMQ,https://www.youtube.com/watch?v=5Pb9yMpgmMQ,Adam Bubb Donovan Award Nominee 2019,Adam Bubb    ,2019,D3,26.0,no songs found
5Q_GXEepi40,https://www.youtube.com/watch?v=5Q_GXEepi40,Jacob Clary - 2018 Donovan Award Nominee,Jacob Clary -    ,2018,D3,795.0,no songs found
5TtfYhTfu14,https://www.youtube.com/watch?v=5TtfYhTfu14,Jessie Chan Callahan 2023,Jessie Chan  ,2023,D1,2032.0,no songs found
5VYvInlcdNY,https://www.youtube.com/watch?v=5VYvInlcdNY,Trip Crowley Callahan 2022,Trip Crowley  ,2022,D1,1205.0,Wild Child - The Black Keys
5Vp5CHlp_Ks,https://www.youtube.com/watch?v=5Vp5CHlp_Ks,Chris Larberg Callahan 2014,Chris Larberg  ,2014,D1,17894.0,no songs found
5WbOE-SLIkw,https://www.youtube.com/watch?v=5WbOE-SLIkw,Kyle Duffy Callahan 2024,Kyle Duffy  ,2024,D1,1126.0,Gimme! Gimme! Gimme! (A Man After Midnight) - Abba|Dance The Night (From Barbie The Album) - Dua Lipa
5cXiXKwFFm8,https://www.youtube.com/watch?v=5cXiXKwFFm8,Gavin May for 2023 Callahan,Gavin May   ,2023,D1,10548.0,you should see me in a crown - Billie Eilish|Primadonna - MARINA
5iySkjtG7CQ,https://www.youtube.com/watch?v=5iySkjtG7CQ,Phillip Korolog Donovan 2018,Phillip Korolog  ,2018,D3,1560.0,"Music: ""Red Hot"" , by J5"
5jLM1DPAhQk,https://www.youtube.com/watch?v=5jLM1DPAhQk,Eric Sjostorm Callahan 2019,Eric Sjostorm  ,2019,D1,9511.0,no songs found
5pDyBetA8Cc,https://www.youtube.com/watch?v=5pDyBetA8Cc,Ben Reimler for Callahan 2023,Ben Reimler   ,2023,D1,2661.0,Don't Hit Me Right Now - Dreamville
5rzuyEUa_eo,https://www.youtube.com/watch?v=5rzuyEUa_eo,Nyle Lebbell for Callahan 2025,Nyle Lebbell   ,2025,D1,1892.0,IDGAF - Drake
5sP0kc4TU8M,https://www.youtube.com/watch?v=5sP0kc4TU8M,Dylan Best Callahan 2018,Dylan Best  ,2018,D1,15850.0,no songs found
6-vPaYM0Ekg,https://www.youtube.com/watch?v=6-vPaYM0Ekg,Northeastern Valkyries Callahan 2022 Nominee Duschia Bodet (Dbo),Northeastern Valkyries    Duschia Bodet (Dbo),2022,D1,1287.0,no songs found
62LfCpl3Srk,https://www.youtube.com/watch?v=62LfCpl3Srk,Naomi Redmond Callahan,Naomi Redmond ,unknown,D1,2461.0,no songs found
66_djJXN2x8,https://www.youtube.com/watch?v=66_djJXN2x8,Jared McKay for Donovan 2022,Jared McKay   ,2022,D3,697.0,Green Lights - NF
69Zc4jovdXI,https://www.youtube.com/watch?v=69Zc4jovdXI,Liz Diffey Callahan 2016,Liz Diffey  ,2016,D1,2143.0,no songs found
6B-w-LuB0jE,https://www.youtube.com/watch?v=6B-w-LuB0jE,2015 Saucy Nancy Callahan Nominee Anna Pritchard, Saucy Nancy   Anna Pritchard,2015,D1,1492.0,song)
6B1BvXYbhUE,https://www.youtube.com/watch?v=6B1BvXYbhUE,Tiger For Callahan,Tiger  ,unknown,D1,2340.0,no songs found
6DRcXr1BusA,https://www.youtube.com/watch?v=6DRcXr1BusA,Michael Ball | Callahan 2016,Michael Ball   ,2016,D1,3964.0,no songs found
6DZXFXTR0F4,https://www.youtube.com/watch?v=6DZXFXTR0F4,Justin Burnett | Callahan 2023,Justin Burnett   ,2023,D1,55559.0,Battle Without Honor Or Humanity - Hotei
6LPeYRMtMXY,https://www.youtube.com/watch?v=6LPeYRMtMXY,Dani Runzo for Callahan 2016,Dani Runzo   ,2016,D1,1663.0,no songs found
6MIjrAtU6w8,https://www.youtube.com/watch?v=6MIjrAtU6w8,Calvin Trisolini Donovan Award 2017,Calvin Trisolini   ,2017,D3,4154.0,"Songs: Wow - Beck and Life Itself (Roosevelt Remix) - Glass Animals
Photo: Ultiphotos and Alex Fraser"
6MNfM6Ubvic,https://www.youtube.com/watch?v=6MNfM6Ubvic,kate barry callahan 2026,kate barry callahan ,2026,D1,617.0,Breakin' Dishes - Rihanna|Mantra - JENNIE
6PKpftCVIBg,https://www.youtube.com/watch?v=6PKpftCVIBg,Meadbh Koenigsberg for the DONOVAN 2020,Meadbh Koenigsberg  the DONOVAN ,2020,D1,395.0,Savage - Megan Thee Stallion|I Like It - Cardi B
6PZ_paKeKE8,https://www.youtube.com/watch?v=6PZ_paKeKE8,Matti Lee for Callahan 2026,Matti Lee   ,2026,D1,1428.0,Hip-Hop - Lil Wayne|Woo - Rihanna
6S_tyy0fRoo,https://www.youtube.com/watch?v=6S_tyy0fRoo,"Daniel ""Future"" Snider for Donovan 2025","Daniel ""Future"" Snider   ",2025,D3,2556.0,Team - Lorde|4EVER - Clairo
6TV-ple9aL8,https://www.youtube.com/watch?v=6TV-ple9aL8,Joel Clutton (Texas) for Callahan 2016,Joel Clutton (Texas)   ,2016,D1,18367.0,music that was used in this video. This video is not for profit.
6ak47d60Zdk,https://www.youtube.com/watch?v=6ak47d60Zdk,Alex Ballentine Callahan 2024,Alex Ballentine  ,2024,D1,470.0,Hide Away - Daya
6eSJ4HuCQ8o,https://www.youtube.com/watch?v=6eSJ4HuCQ8o,UVic Vikes 2024 Callahan - Alicia Brolly,UVic Vikes   - Alicia Brolly,2024,D1,562.0,Smooth Criminal (Radio Edit) - Michael Jackson
6jJ7q3GMBo4,https://www.youtube.com/watch?v=6jJ7q3GMBo4,Jonas Geere for Donovan 2026,Jonas Geere   ,2026,D3,1187.0,Hello (Single Edit) - Martin Solveig
6jSwXGwaiOw,https://www.youtube.com/watch?v=6jSwXGwaiOw,Sydney Neal for Callahan 2025,Sydney Neal   ,2025,D1,608.0,"Paint The Town Blue (From The Series ""Arcane League of Legends"") - Ashnikko, Arcane, League Of Legends|...Ready For It? - Taylor Swift"
6k87zGnH5gU,https://www.youtube.com/watch?v=6k87zGnH5gU,Sara Scott for Callahan 2014,Sara Scott   ,2014,D1,2147.0,no songs found
6qS2YrRrB9A,https://www.youtube.com/watch?v=6qS2YrRrB9A,Jonny Malks for Callahan 2021,Jonny Malks   ,2021,D1,6082.0,"Duel Of The Fates (From ""Star Wars: The Phantom Menace""/Score) - London Voices, London Symphony Orchestra, John Williams, New London Children's Choir"
7-NvGA8Ghso,https://www.youtube.com/watch?v=7-NvGA8Ghso,Meredith Weiner - Callahan 2026,Meredith Weiner -  ,2026,D1,652.0,Breakin' Dishes - Rihanna
7165Yjc98V0,https://www.youtube.com/watch?v=7165Yjc98V0,Jimmy Clarke Callahan 2022,Jimmy Clarke  ,2022,D1,2692.0,"Never Been - Logic|All The Stars (From ""Black Panther: The Album"") - Kendrick Lamar, SZA"
74hHLC8vBeg,https://www.youtube.com/watch?v=74hHLC8vBeg,Illinois Ultimate 2018: Callahan Nominee,Illinois Ultimate   ,2018,D1,1441.0,no songs found
7ALzPD0iNN4,https://www.youtube.com/watch?v=7ALzPD0iNN4,Claire Desmond for Callahan 2012,Claire Desmond   ,2012,D1,1857.0,no songs found
7CvPw-TZgyM,https://www.youtube.com/watch?v=7CvPw-TZgyM,Jake Carrico for Callahan 2020,Jake Carrico   ,2020,D1,1681.0,"Sucker for Pain (with Wiz Khalifa, Imagine Dragons, Logic & Ty Dolla $ign feat. X Ambassadors) - Lil Wayne"
7LhvY6fjul4,https://www.youtube.com/watch?v=7LhvY6fjul4,UNC Darkside 2014 Callahan Nominee | Christian Johnson,UNC Darkside     Christian Johnson,2014,D1,20273.0,no songs found
7QJkOehm0lU,https://www.youtube.com/watch?v=7QJkOehm0lU,Julia Kwasnick UCSB Callahan 2018 Pt. 2,Julia Kwasnick UCSB   Pt. 2,2018,D1,581.0,no songs found
7WjqTMuq9T4,https://www.youtube.com/watch?v=7WjqTMuq9T4,Cassie for Callahan!,Cassie  !,unknown,D1,4983.0,no songs found
7ZYAXgTeGtg,https://www.youtube.com/watch?v=7ZYAXgTeGtg,Cassidy Bruner for Callahan 2023,Cassidy Bruner   ,2023,D1,1012.0,"Music: 
California Dreamin - Calvo Remix

Film from:
Ultiworld
Venus Ultimate Frisbee ❤️"
7_47LS5yiJ0,https://www.youtube.com/watch?v=7_47LS5yiJ0,Rachel Wilmoth for Dr. Callahan 2021 - Colorado Quandary,Rachel Wilmoth  Dr.   - Colorado Quandary,2021,D1,659.0,no songs found
7dyxAYNfcko,https://www.youtube.com/watch?v=7dyxAYNfcko,"Megan ""Cuz"" Cousins for Callahan 2015","Megan ""Cuz"" Cousins   ",2015,D1,4506.0,Something Good - alt-J
7e9pEk0tUJs,https://www.youtube.com/watch?v=7e9pEk0tUJs,Ben Field for Callahan 2022: The Teaser,Ben Field    The Teaser,2022,D1,1350.0,"hand crushed by a mallet - 100 gecs, Laura Les, Dylan Brady"
7iwmcNYjXbw,https://www.youtube.com/watch?v=7iwmcNYjXbw,"Aidan ""Blues"" Stark-Chessa For Donovan 2026","Aidan ""Blues"" Stark-Chessa   ",2026,D3,881.0,Blue World - Mac Miller|Welcome To The Jungle - Guns N' Roses
7v7EWLqLmh4,https://www.youtube.com/watch?v=7v7EWLqLmh4,"Catherine Grossman for Callahan 2024, William & Mary Women's Ultimate","Catherine Grossman   , William & Mary Women's Ultimate",2024,D1,656.0,Hips Don't Lie (DJ Kazzanova Remix) - Shakira
8362n1KeYhY,https://www.youtube.com/watch?v=8362n1KeYhY,Lochlan Margison For Callahan 2026,Lochlan Margison   ,2026,D1,1916.0,Apple Pie - Travis Scott|Sticky - Drake
89nETuME0Zo,https://www.youtube.com/watch?v=89nETuME0Zo,Emory 2019 Callahan 🅱️ominee,Emory   🅱️ominee,2019,D1,2140.0,no songs found
8F4OUvjsmKw,https://www.youtube.com/watch?v=8F4OUvjsmKw,Ryan Osgar - 2016 Callahan Nominee,Ryan Osgar -   ,2016,D1,27748.0,no songs found
8G7W9g8CN0Y,https://www.youtube.com/watch?v=8G7W9g8CN0Y,University of Florida’s Gabby Krajniak for Callahan 2020,University of Florida’s Gabby Krajniak   ,2020,D1,1813.0,"PS GFY (Opiuo) - GRiZ, Cherub"
8HZNdxfmSMs,https://www.youtube.com/watch?v=8HZNdxfmSMs,Jared Beazley Callahan 2025,Jared Beazley  ,2025,D1,3464.0,Misery Business (Single Version) - Paramore|Come Down - Anderson .Paak
8MyIQw--MRQ,https://www.youtube.com/watch?v=8MyIQw--MRQ,Ben Jagt - 2017 Callahan Nominee - Real Video 2,Ben Jagt -    - Real Video 2,2017,D1,12579.0,no songs found
8PnWbmf1Z4Y,https://www.youtube.com/watch?v=8PnWbmf1Z4Y,Kennedy McCarthy Callahan Teaser 2024,Kennedy McCarthy  Teaser ,2024,D1,1872.0,no songs found
8QFTbZymrMI,https://www.youtube.com/watch?v=8QFTbZymrMI,Alexa Yadama Callahan 2020,Alexa Yadama  ,2020,D1,2095.0,"Watch Me - Jaden|Sugar Honey Iced Tea (S.H.I.T.) - Princess Nokia|Earth, Wind & Fire Megamix (Edit) - Earth, Wind & Fire"
8RUWtPNFekg,https://www.youtube.com/watch?v=8RUWtPNFekg,Oscar Graff for Callahan 2025,Oscar Graff   ,2025,D1,6613.0,wacced out murals - Kendrick Lamar
8VWBB8ZLpc4,https://www.youtube.com/watch?v=8VWBB8ZLpc4,Callahan 2019: Laura Soter,  Laura Soter,2019,D1,2043.0,Like a Girl - Lizzo
8WOFkD_5oE0,https://www.youtube.com/watch?v=8WOFkD_5oE0,Dmitri Zalnasky for Callahan 2022,Dmitri Zalnasky   ,2022,D1,858.0,"HOT WIND BLOWS - Tyler, The Creator"
8X6ghiDfSC8,https://www.youtube.com/watch?v=8X6ghiDfSC8,UNC Pleiades Callahan Teaser Fall 2021,UNC Pleiades  Teaser Fall ,2021,D1,1141.0,Song credits: YOU'RE A MEAN ONE MR. GRINCH (TRAP REMIX) - Larry Ohh
8YGOoyaRpDk,https://www.youtube.com/watch?v=8YGOoyaRpDk,Hayden Austin-Knab Callahan 2022,Hayden Austin-Knab  ,2022,D1,15801.0,no songs found
8Yf_AyG9SF4,https://www.youtube.com/watch?v=8Yf_AyG9SF4,Filip Kragl for Callahan 2024,Filip Kragl   ,2024,D1,4450.0,avalanche - Christian French|Royal Flush - Rae Sremmurd
8YrGded8tJs,https://www.youtube.com/watch?v=8YrGded8tJs,Paula For Callahan 2012.mov,Paula   .mov,2012,D1,4175.0,no songs found
8aIswZT51-c,https://www.youtube.com/watch?v=8aIswZT51-c,"Ryan ""Bozey"" Luig for Donovan 2017","Ryan ""Bozey"" Luig   ",2017,D3,257.0,"Song
Howlin' for You - The Black Keys"
8cJf_mtmOyU,https://www.youtube.com/watch?v=8cJf_mtmOyU,Elijah Diamond Callahan 2026,Elijah Diamond  ,2026,D1,10998.0,Live Your Life (Instrumental) - T.I.|Hate It Or Love It (Album Version) - The Game
8h_ptpYY2q0,https://www.youtube.com/watch?v=8h_ptpYY2q0,Paul Krenik - 2024 Callahan Nominee,Paul Krenik -   ,2024,D1,10730.0,Onederful - Armani White
8oyDfvMnwd8,https://www.youtube.com/watch?v=8oyDfvMnwd8,2016 Callahan, ,2016,D1,339.0,no songs found
8vaHXnzfGyo,https://www.youtube.com/watch?v=8vaHXnzfGyo,Colum Bergeron for Callahan 2021,Colum Bergeron   ,2021,D1,2544.0,Empty Room (Cabu Remix) - Big Wild|Empty Room - Big Wild
8w7HduOXQBc,https://www.youtube.com/watch?v=8w7HduOXQBc,Part II: Wade Buchheit for Donovan,Part II Wade Buchheit  ,unknown,D3,1363.0,Gimme! Gimme! Gimme! (A Man After Midnight) - Abba|Howl - Florence + The Machine
8xuXQCB33Q0,https://www.youtube.com/watch?v=8xuXQCB33Q0,Chris Johnson for Donovan 2017,Chris Johnson   ,2017,D3,877.0,no songs found
9-QE8PGakB4,https://www.youtube.com/watch?v=9-QE8PGakB4,Solomon Golden For Donovan,Solomon Golden  ,unknown,D3,182.0,What It Do - E-Dubble
9-jhDu380cc,https://www.youtube.com/watch?v=9-jhDu380cc,Han Chen for Callahan 2017,Han Chen   ,2017,D1,13545.0,We Run This - Missy Elliott|U Can't Touch This - MC Hammer
97g_4hAHNAU,https://www.youtube.com/watch?v=97g_4hAHNAU,"Lili ""Wall-E"" Wilson | Callahan 2025","Lili ""Wall-E"" Wilson   ",2025,D1,1245.0,Bang Bang (New Version) - K'naan
9L64CO1fjhA,https://www.youtube.com/watch?v=9L64CO1fjhA,Evan Magsig for Callahan 2022,Evan Magsig   ,2022,D1,17277.0,Suit and Jacket - Judah & The Lion|Atom Bomb - The Strike
9MhrlwJ7Y30,https://www.youtube.com/watch?v=9MhrlwJ7Y30,George Stubbs Callahan Award Nomination Video 2011,George Stubbs   Nomination Video 2011,unknown,D1,25210.0,no songs found
9RYdxJL7vP4,https://www.youtube.com/watch?v=9RYdxJL7vP4,Ian McCosky - 2023 Callahan Nominee,Ian McCosky -   ,2023,D1,4790.0,no songs found
9Wn8ArWOIyE,https://www.youtube.com/watch?v=9Wn8ArWOIyE,2022 Women's Donovan Award Ceremony, Women's   Ceremony,2022,D3,540.0,no songs found
9XknAp3uKqE,https://www.youtube.com/watch?v=9XknAp3uKqE,Kara Morrison - Callahan 2026,Kara Morrison -  ,2026,D1,332.0,No Pole - Don Toliver
9ZQW1BV41Vo,https://www.youtube.com/watch?v=9ZQW1BV41Vo,Isabelle Deputy - Callahan 2026,Isabelle Deputy -  ,2026,D1,551.0,Can't Stop - Red Hot Chili Peppers|TOO BAD – Alan Walker Remix - G-DRAGON
9_aadi8othA,https://www.youtube.com/watch?v=9_aadi8othA,Caitlin Lian | Callahan 2026,Caitlin Lian   ,2026,D1,761.0,Boss Bitch - Doja Cat
9_biVcQs7PQ,https://www.youtube.com/watch?v=9_biVcQs7PQ,Connor Lukas for Callahan 2017,Connor Lukas   ,2017,D1,1654.0,no songs found
9aFU0Uw-Muo,https://www.youtube.com/watch?v=9aFU0Uw-Muo,A Callahan Story: Yoyo Nagase 2022,A  Story Yoyo Nagase ,2022,D1,5997.0,"Music: 
daydreaming - Yoyo Nagase
rewind - Yoyo Nagase
City Lights - Yoyo Nagase

Edited by Kent Perlmutter
Special Effects by Neal Ma"
9fD10IXbEAY,https://www.youtube.com/watch?v=9fD10IXbEAY,Kyle and Owen Suelflow Donovan 26,Kyle and Owen Suelflow  26,unknown,D3,1622.0,Twin Peaks Theme (Instrumental) - Angelo Badalamenti|Walkin' On The Sun - Smash Mouth|'Helden' (German Version 1989 Remix; 2002 Remaster) - David Bowie
9h-mkHfY1sE,https://www.youtube.com/watch?v=9h-mkHfY1sE,Jamie Eldridge Donovan Award 2025,Jamie Eldridge   ,2025,D3,271.0,Music: Photo ID by Remi Wolf
9kED854eQ0k,https://www.youtube.com/watch?v=9kED854eQ0k,Jesse Song for Callahan 2021,Jesse Song   ,2021,D1,1624.0,Woman - Kesha
9rud8uL8QYg,https://www.youtube.com/watch?v=9rud8uL8QYg,Anton Orme for Callahan 2026,Anton Orme   ,2026,D1,13989.0,Disparate Youth - Santigold|Little Black Submarines - The Black Keys|True Sorry - Ibrahim Maalouf
9vJG0JCcWi8,https://www.youtube.com/watch?v=9vJG0JCcWi8,Myles Maxson for Callahan 2022,Myles Maxson   ,2022,D1,782.0,"Star Wars and the Revenge of the Sith (From ""Star Wars: Revenge of the Sith""/Score) - John Williams, London Symphony Orchestra, London Voices|Hooked On A Feeling - Blue Swede"
A2rzFrwZRYw,https://www.youtube.com/watch?v=A2rzFrwZRYw,Amanda Meroux Callahan 2017,Amanda Meroux  ,2017,D1,1812.0,"Music: Panda (Thugli Trap Remix) - Desiigner

VOTE HERE: http://callahan.ultimatecentral.com/vote

No copyright infringement intended."
A5hpDUQzfjg,https://www.youtube.com/watch?v=A5hpDUQzfjg,"Sabrina ""Jedi"" Belkin Callahan 2026","Sabrina ""Jedi"" Belkin  ",2026,D1,1006.0,S&M (Maximum Bass 2011 Edit) - Rihanna|Paper Planes (Afrikan Boy & Rye Rye Remix) - M.I.A.|Say It Right (DJ Mix / R&B Anthems) - Nelly Furtado
ABSXzkTWdvE,https://www.youtube.com/watch?v=ABSXzkTWdvE,The University of Colorado Quandary nominates Emma Capra 4 Callahan,The University of Colorado Quandary nominates Emma Capra 4 ,unknown,D1,1182.0,Me Too - Meghan Trainor
AEBl5VwHH28,https://www.youtube.com/watch?v=AEBl5VwHH28,Jimmy Kiselak for Callahan 2010,Jimmy Kiselak   2010,unknown,D1,2389.0,no songs found
AH3ouG4RBSo,https://www.youtube.com/watch?v=AH3ouG4RBSo,Bryn Harper - Callahan 2026,Bryn Harper -  ,2026,D1,930.0,DJ Got Us Fallin' In Love (Almighty Radio Mix (No Rap)) - Usher
AJow1ukzemM,https://www.youtube.com/watch?v=AJow1ukzemM,Cody Bjorklund for Callahan 2011,Cody Bjorklund   2011,unknown,D1,24646.0,no songs found
AO3H32CxwAE,https://www.youtube.com/watch?v=AO3H32CxwAE,Abbie Abramovich Callahan 2016,Abbie Abramovich  ,2016,D1,4767.0,no songs found
AUHmIdoNLd8,https://www.youtube.com/watch?v=AUHmIdoNLd8,Katya Piskun Callahan 2025,Katya Piskun  ,2025,D1,714.0,NUEVAYoL - Bad Bunny
AUHsS7dxd5A,https://www.youtube.com/watch?v=AUHsS7dxd5A,Sam Kaminsky - 2019 Callahan Nominee,Sam Kaminsky -   ,2019,D1,5531.0,no songs found
AVBPZIlEe1Y,https://www.youtube.com/watch?v=AVBPZIlEe1Y,Kyle Reader Callahan 2025,Kyle Reader  ,2025,D1,524.0,Passionfruit - Drake|Nonstop - Drake
AZCc90DCHO4,https://www.youtube.com/watch?v=AZCc90DCHO4,"Juliette ""Jules"" Warga for Callahan 2026","Juliette ""Jules"" Warga   ",2026,D1,1054.0,Are You Gonna Be My Girl - Jet
Aa6bYclehSo,https://www.youtube.com/watch?v=Aa6bYclehSo,Leandro Marx 2019 Callahan Nominee,Leandro Marx   ,2019,D1,12341.0,Song: Tom's Diner
AfLRToWzWNY,https://www.youtube.com/watch?v=AfLRToWzWNY,Shippensburg Ultimate #22 Zac Sands for the 2017 Donovan Award,Shippensburg Ultimate #22 Zac Sands  the   ,2017,D3,1218.0,Song Credits: C2C-Down the Road
Ai6PUCKtwuM,https://www.youtube.com/watch?v=Ai6PUCKtwuM,USC Callahan Nominee | Alyssa Perez,USC    Alyssa Perez,unknown,D1,1194.0,"Music:
X 'Gon Give It To Ya - DMX"
AnAxGO52LP4,https://www.youtube.com/watch?v=AnAxGO52LP4,Matthew Latvis for Callahan | 2025,Matthew Latvis    ,2025,D1,970.0,Canned Heat - Jamiroquai
AtCe0D1Kfxc,https://www.youtube.com/watch?v=AtCe0D1Kfxc,Ben Sadok Callahan 2017,Ben Sadok  ,2017,D1,36440.0,music.
Awf0pLCJoG0,https://www.youtube.com/watch?v=Awf0pLCJoG0,Jonathan Sillivant Callahan 2024,Jonathan Sillivant  ,2024,D1,3488.0,You Rock My World (Instrumental) - Michael Jackson|Alarm - Anne-Marie
AzmbQMFtL4M,https://www.youtube.com/watch?v=AzmbQMFtL4M,Daniel Gimbel for Donovan 2018,Daniel Gimbel   ,2018,D3,709.0,"music used in the video:
Music: Heart and Soul by Built by Train, Blind by Built by Train"
B7hn6K-zSnk,https://www.youtube.com/watch?v=B7hn6K-zSnk,Heather Kraft - Callahan 2016,Heather Kraft -  ,2016,D1,1812.0,Song: Major Lazer - Light It Up (feat. Nyla & Fuse ODG) [Remix]
BA1AkuH0lmo,https://www.youtube.com/watch?v=BA1AkuH0lmo,Tommy Li - Callahan 2012,Tommy Li -  ,2012,D1,19755.0,no songs found
BCmXSOre2No,https://www.youtube.com/watch?v=BCmXSOre2No,Alejandro Pagán - Callahan 2025,Alejandro Pagán -  ,2025,D1,470.0,The Man - Aloe Blacc|Alejandro - Lady Gaga
BD6ZAc9Qgi8,https://www.youtube.com/watch?v=BD6ZAc9Qgi8,Sam K S for Callahan 2012,Sam K S   ,2012,D1,489.0,no songs found
BO77LTK4nKo,https://www.youtube.com/watch?v=BO77LTK4nKo,Jessie Sun for Callahan 2021 Teaser,Jessie Sun    Teaser,2021,D1,1622.0,Music: Raise Hell by Sir the Baptist
BReE9DXpJpU,https://www.youtube.com/watch?v=BReE9DXpJpU,Gener For Callahan,Gener  ,unknown,D1,4026.0,no songs found
BSOHloq339s,https://www.youtube.com/watch?v=BSOHloq339s,Michael Lee for Callahan 2021 Teaser,Michael Lee    Teaser,2021,D1,1347.0,Mind Heist - Evolution - Zack Hemsey
BTfVUfXXkaA,https://www.youtube.com/watch?v=BTfVUfXXkaA,KP for Callahan.wmv,KP  .wmv,unknown,D1,5553.0,no songs found
Bf2eU227kco,https://www.youtube.com/watch?v=Bf2eU227kco,"PROMO 2: Xinzhi ""Pongo"" Zou for Callahan 2022","PROMO 2 Xinzhi ""Pongo"" Zou   ",2022,D1,237.0,Rumour Has It - Adele
BkWdpbA0jJc,https://www.youtube.com/watch?v=BkWdpbA0jJc,Lo Guerin for Callahan 2015,Lo Guerin   ,2015,D1,2256.0,no songs found
Bs4spmhZfyY,https://www.youtube.com/watch?v=Bs4spmhZfyY,Paul Owens for Callahan 2022,Paul Owens   ,2022,D1,5365.0,"Holding Out for a Hero (From ""Footloose"" Soundtrack) - Bonnie Tyler"
Bv40msIUnAk,https://www.youtube.com/watch?v=Bv40msIUnAk,Alison Griffith for Callahan 2017,Alison Griffith   ,2017,D1,6674.0,no songs found
ByOWHi9oURU,https://www.youtube.com/watch?v=ByOWHi9oURU,Win the Callahan award,Win the  award,unknown,D1,1422.0,no songs found
C-xklbgGhaA,https://www.youtube.com/watch?v=C-xklbgGhaA,Sabrina Hoffman for Callahan 2018,Sabrina Hoffman   ,2018,D1,1708.0,Song: Nothing to Regret by Robinson
C0iREN4-CqM,https://www.youtube.com/watch?v=C0iREN4-CqM,Abby Morse for Callahan 2025,Abby Morse   ,2025,D1,299.0,Long Train Runnin' - The Doobie Brothers
C3VSfsoihmQ,https://www.youtube.com/watch?v=C3VSfsoihmQ,Luke Barry Callahan 2025,Luke Barry  ,2025,D1,1001.0,The Other Side (feat. CeeLo Green and B.o.B) - Bruno Mars|Help Me - Real Boston Richey
C4tdTLrx-To,https://www.youtube.com/watch?v=C4tdTLrx-To,Anne Worth for Callahan 2020,Anne Worth   ,2020,D1,23600.0,Worth It - Fifth Harmony|Love Again - Dua Lipa
CFgn-htfB8I,https://www.youtube.com/watch?v=CFgn-htfB8I,"Daniel ""Tux"" Glickman for Donovan 2025","Daniel ""Tux"" Glickman   ",2025,D3,1072.0,Nasty - Tinashe|Greatness - Quavo
CKKmv4ivX98,https://www.youtube.com/watch?v=CKKmv4ivX98,Claire Lee For Donovan 2024,Claire Lee   ,2024,D3,835.0,Barracuda - Heart
CPBr_rjQqKs,https://www.youtube.com/watch?v=CPBr_rjQqKs,Jenny Wei 2018 Callahan Nominee,Jenny Wei   ,2018,D1,5747.0,no songs found
CY-zXtqntSM,https://www.youtube.com/watch?v=CY-zXtqntSM,Aly Fassett-Carman for Callahan 2015,Aly Fassett-Carman   ,2015,D1,1557.0,no songs found
CYNQu82qvk8,https://www.youtube.com/watch?v=CYNQu82qvk8,Wesley Miaw for Callahan 2020,Wesley Miaw   ,2020,D1,10579.0,Duel in the Wild West - SOUNDIVA|No Joke - Show Lo|Despicable (NIN9 Remix) - grandson
CaTrX_xsDz8,https://www.youtube.com/watch?v=CaTrX_xsDz8,Chris Walsh Callahan 2023,Chris Walsh  ,2023,D1,3591.0,no songs found
CcLtpE_KANQ,https://www.youtube.com/watch?v=CcLtpE_KANQ,David Shields for Callahan,David Shields  ,unknown,D1,4121.0,Song- Africa by Toto
Cdf2Ask8zHY,https://www.youtube.com/watch?v=Cdf2Ask8zHY,Coleman Tappero for Callahan 2021,Coleman Tappero   ,2021,D1,3406.0,no songs found
CkxWpB1dsOE,https://www.youtube.com/watch?v=CkxWpB1dsOE,Ryan Smith Callahan 2020,Ryan Smith  ,2020,D1,1162.0,Blue World - Mac Miller
D-RJQs0U2FI,https://www.youtube.com/watch?v=D-RJQs0U2FI,Jimmy Mickle For Callahan 2013,Jimmy Mickle   ,2013,D1,84390.0,Public Enemy - Harder Than You Think - Public Enemy
D2J4mfmvAOA,https://www.youtube.com/watch?v=D2J4mfmvAOA,Naomi Morcilla Callahan 2019- NKolakovic,Naomi Morcilla  - NKolakovic,2019,D1,7710.0,"Song:
Acejax feat. Danilyon - By My Side 

Videos from:
Ultiworld
WFDF
USAU
ESPN
Hallies Dad
All Star Tour
and me
Vlogs:
https://www.youtube.com/channel/UCTNUguU0skf8M_9oxmBi4vA

Website:
www.NKolakovic.com

Facebook: NKolakovic
https://www.facebook.com/NKolakovic%20/
https://www.instagram.com/nkolakovic/
https://twitter.com/NKolakovic"
D746r8dh7yw,https://www.youtube.com/watch?v=D746r8dh7yw,EDI LAM FOR CALLAHAN 2024,EDI LAM FOR CALLAHAN ,2024,D1,2098.0,no songs found
D9HLY5jtdww,https://www.youtube.com/watch?v=D9HLY5jtdww,Montana State's Drew Shanafelt 2017 Callahan,Montana State's Drew Shanafelt  ,2017,D1,4523.0,no songs found
DBbEpYBFINU,https://www.youtube.com/watch?v=DBbEpYBFINU,Dennis Casio for Callahan 2018,Dennis Casio   ,2018,D1,2982.0,"song was produced by Duckworth, Ronald LaTour, Cardo, Cubeatz, Brock Korsan, K. Gomringer Sounwave, Schaeffer, T. Gomringer, and Spears. 

No copyright infringement intended"
DEEZ840Ulr4,https://www.youtube.com/watch?v=DEEZ840Ulr4,"Maggie ""Mo"" MacAdam for Donovan 2024","Maggie ""Mo"" MacAdam   ",2024,D3,317.0,Light It Up (Remix) - Major Lazer
DG1QxMz6wKA,https://www.youtube.com/watch?v=DG1QxMz6wKA,Jamie Kauffman for Donovan 2023,Jamie Kauffman   ,2023,D3,468.0,no songs found
DJxom6pdDJ4,https://www.youtube.com/watch?v=DJxom6pdDJ4,"Yale's Amelia ""Meals"" Farinas for Callahan 2020","Yale's Amelia ""Meals"" Farinas   ",2020,D1,434.0,"Kill The Lights (Mix Cut) (Audien Remix) - Alex Newell, Jess Glynne, DJ Cassidy"
DKkMq1Y6Hsc,https://www.youtube.com/watch?v=DKkMq1Y6Hsc,Ellen Au-Yeung for Callahan 2018- NKolakovic,Ellen Au-Yeung   - NKolakovic,2018,D1,22086.0,"Song:
Unknown Brain - Inspiration (feat. Aviella) 

Vlogs:
https://www.youtube.com/channel/UCTNUguU0skf8M_9oxmBi4vA

Facebook: NKolakovic
https://www.facebook.com/pages/Nkolakovic/277158389068610


https://www.instagram.com/nkolakovic/
https://twitter.com/NKolakovic"
DTqsMoOJjMQ,https://www.youtube.com/watch?v=DTqsMoOJjMQ,Steven Ladenberger Callahan 2024,Steven Ladenberger  ,2024,D1,607.0,Loyal (Live) - ODESZA|Sunshine - Teddybears
DV612gUWRPs,https://www.youtube.com/watch?v=DV612gUWRPs,Tristan Van de Moortele - 2018 Callahan Nominee,Tristan Van de Moortele -   ,2018,D1,5571.0,no songs found
DWylzuxO53g,https://www.youtube.com/watch?v=DWylzuxO53g,Emily Wang for Donovan 2021,Emily Wang   ,2021,D3,333.0,Exactly How I Feel (feat. Gucci Mane) - Lizzo
D_Fo-Howeew,https://www.youtube.com/watch?v=D_Fo-Howeew,Noah Petersen for Callahan 2026,Noah Petersen   ,2026,D1,1677.0,New Gold (feat. Tame Impala and Bootie Brown) - Gorillaz
DaBaWydC77w,https://www.youtube.com/watch?v=DaBaWydC77w,Garrett Martin for Callahan 2021,Garrett Martin   ,2021,D1,3694.0,Closer - Lemaitre|Bad Things - Summer Kennedy
Dk5niH0pfaQ,https://www.youtube.com/watch?v=Dk5niH0pfaQ,Trent Cooper for Callahan 2014,Trent Cooper   ,2014,D1,9668.0,Music: Pharrell Williams - Happy
DpGbJNVXduo,https://www.youtube.com/watch?v=DpGbJNVXduo,Mitchell Bennett Callahan 2014,Mitchell Bennett  ,2014,D1,9357.0,no songs found
Dqk5x52m7QA,https://www.youtube.com/watch?v=Dqk5x52m7QA,Matt Bennett 2015 Callahan Nominee,Matt Bennett   ,2015,D1,36586.0,no songs found
DyNPliJYKSw,https://www.youtube.com/watch?v=DyNPliJYKSw,Aaron Warshauer for Callahan 2016,Aaron Warshauer   ,2016,D1,10622.0,no songs found
E2NZ11cgEic,https://www.youtube.com/watch?v=E2NZ11cgEic,Will Savage for Donovan 2021,Will Savage   ,2021,D3,570.0,"Fake ID - Riton, Kah-Lo"
EBqHQ4kdYwc,https://www.youtube.com/watch?v=EBqHQ4kdYwc,2021 Men's Donovan Award Ceremony, Men's   Ceremony,2021,D3,571.0,no songs found
EFRuU6q2kyo,https://www.youtube.com/watch?v=EFRuU6q2kyo,Laura Blume - Callahan 2025,Laura Blume -  ,2025,D1,7860.0,C’est la vie - Khaled|Mafiosa (feat. Caroliina) - Lartiste|La vie du bon côté (feat. Lorelei. B) - Keen'V
ENAy7o0-WDI,https://www.youtube.com/watch?v=ENAy7o0-WDI,Michael Drewry Callahan,Michael Drewry ,unknown,D1,3741.0,"Song: Lights (Bassnectar Remix)
Artist: Bassnectar

Song: Burn
Artiist: Ellie Goulding
Label: Polydor Records

I do not own any of this music or anything associated with said music. This music is uploaded purely for entertainment purposes."
EQcCtqz7F3M,https://www.youtube.com/watch?v=EQcCtqz7F3M,Dominque Gibson Callahan 2016,Dominque Gibson  ,2016,D1,5229.0,no songs found
ERUCpPq9Ey0,https://www.youtube.com/watch?v=ERUCpPq9Ey0,Claire Babbott-Bryan for Donovan 2022,Claire Babbott-Bryan   ,2022,D3,1004.0,no songs found
EToGhbA6JCc,https://www.youtube.com/watch?v=EToGhbA6JCc,Luke Bleers for Donovan 2023,Luke Bleers   ,2023,D3,1519.0,Love Again - Dua Lipa|Surround Sound - JID
EVNxmTyqyLo,https://www.youtube.com/watch?v=EVNxmTyqyLo,Jules Madigan For Callahan 2022,Jules Madigan   ,2022,D1,1888.0,Waves - Kanye West|Beauty And A Beat - Justin Bieber
Eeh7nqjkHA4,https://www.youtube.com/watch?v=Eeh7nqjkHA4,Skylar Yarter Donovan 2025,Skylar Yarter  ,2025,D3,634.0,Bad Girls - M.I.A.|Touch The Sky (Radio Edit) - Kanye West
Es5x4k99XqI,https://www.youtube.com/watch?v=Es5x4k99XqI,VCU's Markus Wolf for Callahan,VCU's Markus Wolf  ,unknown,D1,1124.0,The Big Bad Wolf - The Heavy
EwFHAnHDW8g,https://www.youtube.com/watch?v=EwFHAnHDW8g,Michael Matthis Callahan Nominee 2014,Michael Matthis   ,2014,D1,7849.0,no songs found
EyMmkSrB8vc,https://www.youtube.com/watch?v=EyMmkSrB8vc,Sonia Nicholson for Donovan 2026,Sonia Nicholson   ,2026,D3,779.0,no songs found
EzUsXI1l2RY,https://www.youtube.com/watch?v=EzUsXI1l2RY,Nate Pettyjohn Callahan 2018,Nate Pettyjohn  ,2018,D1,24327.0,no songs found
F1f4QNOFseM,https://www.youtube.com/watch?v=F1f4QNOFseM,Elijah Jaime -- Callahan 2019,Elijah Jaime --  ,2019,D1,9031.0,no songs found
FBrPxSG7ARs,https://www.youtube.com/watch?v=FBrPxSG7ARs,Joe Freund for Callahan 2019,Joe Freund   ,2019,D1,15344.0,like that - Bea Miller
FCu7g0-WdYU,https://www.youtube.com/watch?v=FCu7g0-WdYU,David Perry Callahan 2023,David Perry  ,2023,D1,1480.0,"Songs Used:
I Can Do Anything / Finale - Christopher Lennertz
Futsal Shuffle 2020 - Lil Uzi Vert
Pardon Me (feat. Future, Mike WiLL Made-it) - Lil Yachty

Edited by: Jared Eudy"
FJ_mLOxQGGs,https://www.youtube.com/watch?v=FJ_mLOxQGGs,Jack Williams Callahan 2017,Jack Williams  ,2017,D1,93028.0,"song

UNCW Seamen
Raleigh Ring of Fire
Raleigh Flyers
Team USA U-23

Music- Iccarus x Ruxell - Strngr Thngs (Stranger Things Main Song Remix)"
FJ_q29-Bhs4,https://www.youtube.com/watch?v=FJ_q29-Bhs4,Grant Klebig for Donovan 2025,Grant Klebig   ,2025,D3,1006.0,U Can't Touch This - MC Hammer
FJaKnYclHj0,https://www.youtube.com/watch?v=FJaKnYclHj0,Michael Arbutine Callahan 2023,Michael Arbutine  ,2023,D1,2472.0,no songs found
FNli_mTnw0A,https://www.youtube.com/watch?v=FNli_mTnw0A,Lisi Lohre Callahan 2014,Lisi Lohre  ,2014,D1,2370.0,no songs found
FcLf4QWIOcc,https://www.youtube.com/watch?v=FcLf4QWIOcc,Katelyn Osborne for Donovan 2025,Katelyn Osborne   ,2025,D3,350.0,FTCU - Nicki Minaj|Jungle (Rico Nasty Remix) - Fred again..
FfkIWG8h6ps,https://www.youtube.com/watch?v=FfkIWG8h6ps,Jac Carreiro Callahan 2020,Jac Carreiro  ,2020,D1,18864.0,Don't Start Now (Live in LA Remix) - Dua Lipa
Fj76hCEYcW4,https://www.youtube.com/watch?v=Fj76hCEYcW4,Hank Womble - Callahan 2017,Hank Womble -  ,2017,D1,10992.0,no songs found
FoHHSa5kNOM,https://www.youtube.com/watch?v=FoHHSa5kNOM,Kate Scarth Callahan Video 1,Kate Scarth  Video 1,unknown,D1,2081.0,no songs found
FrlLcTKEPi8,https://www.youtube.com/watch?v=FrlLcTKEPi8,William & Mary's Kirsten Knisely for Callahan 2022,William & Mary's Kirsten Knisely   ,2022,D1,754.0,MEGATRON - Nicki Minaj
FtscDuYK7fU,https://www.youtube.com/watch?v=FtscDuYK7fU,Mike 👻 Kasper for Callahan - 2018,Mike 👻 Kasper   - ,2018,D1,3208.0,Song Credits: For The Love - Griz (Big Wild Remix)
Fwgl4rHOQ_s,https://www.youtube.com/watch?v=Fwgl4rHOQ_s,Bobby Gunshefski | Callahan 2023,Bobby Gunshefski   ,2023,D1,2788.0,no songs found
FxikhqYrUZk,https://www.youtube.com/watch?v=FxikhqYrUZk,Wystan Duhn - 2020 Callahan Nominee,Wystan Duhn -   ,2020,D1,6005.0,I'd Love To Change The World (Matstubs Remix) - Jetta
G-aMFKlK2WU,https://www.youtube.com/watch?v=G-aMFKlK2WU,Chris Cooney | Callahan 2025,Chris Cooney   ,2025,D1,721.0,Without Me - Eminem
GFBLENmi5Qo,https://www.youtube.com/watch?v=GFBLENmi5Qo,Sol Rueschemeyer-Bailey Callahan 2020,Sol Rueschemeyer-Bailey  ,2020,D1,13868.0,Hey DJ (Pop Version) - CNCO
GHHHZXqFOEA,https://www.youtube.com/watch?v=GHHHZXqFOEA,Alex Atkins for Callahan 2022,Alex Atkins   ,2022,D1,30244.0,Intro - Anselmo MD|Millidelphia (feat. Swizz Beatz) - Meek Mill
GMDncgWm37M,https://www.youtube.com/watch?v=GMDncgWm37M,Donovan Award 2020 - August Dailey,   - August Dailey,2020,D3,294.0,Fix You - Coldplay|Till I Collapse - Eminem
GNZJrakRDAk,https://www.youtube.com/watch?v=GNZJrakRDAk,Vaughan Skinker for Callahan 2016,Vaughan Skinker   ,2016,D1,2947.0,no songs found
GRxXp594FZU,https://www.youtube.com/watch?v=GRxXp594FZU,Zach Plunk for Callahan 2017,Zach Plunk   ,2017,D1,3166.0,"songs by Imagine Dragons, Fall Out Boy -- Mashup by MadisonCardoza"
GVsz7s6UiXs,https://www.youtube.com/watch?v=GVsz7s6UiXs,Carolyn Normile for Callahan 2018,Carolyn Normile   ,2018,D1,19977.0,no songs found
GWfMssTaNdE,https://www.youtube.com/watch?v=GWfMssTaNdE,Griffin Miller for Inaugural Donovan 2017,Griffin Miller  Inaugural  ,2017,D3,3043.0,"Music:
The Ninetys- All Saints
Blvk Sheep - Insanity
JAEGER & Meric - Mammoth"
GYApU5jtgkw,https://www.youtube.com/watch?v=GYApU5jtgkw,"Danny ""Donk"" Klein for Donovan 2024","Danny ""Donk"" Klein   ",2024,D3,2260.0,"Free - Louis The Child, Drew Love|this is what space feels like - JVKE"
G_Yz0lGhQts,https://www.youtube.com/watch?v=G_Yz0lGhQts,Hannah Leathers Callahan 2015 (#CALLAHANNAH),Hannah Leathers   (#CALLAHANNAH),2015,D1,36122.0,Hard Hearted Hannah - Ella Fitzgerald|A Tribe Called Red - Angel Haze
GdJ8qVQJWSg,https://www.youtube.com/watch?v=GdJ8qVQJWSg,Henry Babcock for Donovan,Henry Babcock  ,unknown,D3,5225.0,no songs found
GkZdxQJSILA,https://www.youtube.com/watch?v=GkZdxQJSILA,Ultimate Frisbee: Beau Kittredge Callahan Video 2005,Ultimate Frisbee Beau Kittredge  Video 2005,unknown,D1,18563.0,no songs found
Gk_2qSPyOZY,https://www.youtube.com/watch?v=Gk_2qSPyOZY,Abbi Shilts Callahan 2025,Abbi Shilts  ,2025,D1,6090.0,"Mount Everest (Bonus Track) - Labrinth|I Like To Win - Shonlock|Hot Wings (I Wanna Party) - will.i.am, Jamie Foxx, Anne Hathaway"
Goc8lTSAckU,https://www.youtube.com/watch?v=Goc8lTSAckU,Mark Lin Callahan 2015,Mark Lin  ,2015,D1,17126.0,"Song: 40 Day Dream | Edwarde Sharpe and the Magnetic Zeros
Edited by Akshat Rajan"
GqnSjbNas5g,https://www.youtube.com/watch?v=GqnSjbNas5g,Calvin Stoughton For Callahan 2023 (HD),Calvin Stoughton    (HD),2023,D1,19581.0,Hideaway (Extended Mix) - Kiesza
Grqeum0GqwI,https://www.youtube.com/watch?v=Grqeum0GqwI,Liv Steinberg Callahan 2025,Liv Steinberg  ,2025,D1,809.0,MONEY & FAME - NEEDTOBREATHE|Van Horn - Saint Motel
Gs22hMVdLfo,https://www.youtube.com/watch?v=Gs22hMVdLfo,"Anna ""Robot"" Hrovat-Staedter for Callahan 2016","Anna ""Robot"" Hrovat-Staedter   ",2016,D1,3220.0,no songs found
GxLeeBRdnn4,https://www.youtube.com/watch?v=GxLeeBRdnn4,Corn for Callahan 2025,Corn   ,2025,D1,527.0,Promiscuous - Nelly Furtado
GywUXBolZmU,https://www.youtube.com/watch?v=GywUXBolZmU,Kevin Zhang Callahan 2022,Kevin Zhang  ,2022,D1,1160.0,Lonely Boy - The Black Keys
H0GxG6hACmQ,https://www.youtube.com/watch?v=H0GxG6hACmQ,Kimberly Dorr for Donovan 2020,Kimberly Dorr   ,2020,D3,946.0,Water Me - Lizzo
H1BRufbLMno,https://www.youtube.com/watch?v=H1BRufbLMno,Colorado College's Kelsey Viadro For Donovan 2026,Colorado College's Kelsey Viadro   ,2026,D3,331.0,Paper Planes (Afrikan Boy & Rye Rye Remix) - M.I.A.
H9126KnQo6g,https://www.youtube.com/watch?v=H9126KnQo6g,Hayden Stone Callahan 2023,Hayden Stone  ,2023,D1,1579.0,no songs found
H9Q_4Rei2Ew,https://www.youtube.com/watch?v=H9Q_4Rei2Ew,Jason Chen for Callahan 2024,Jason Chen   ,2024,D1,785.0,The Difference (Extended) - Flume
HCEKNz5lRjU,https://www.youtube.com/watch?v=HCEKNz5lRjU,Aliza Cotton for Donovan 2026,Aliza Cotton   ,2026,D3,497.0,Alter Ego (Slowed Down) - Doechii|Immaterial - SOPHIE
HFVvvu3B9tA,https://www.youtube.com/watch?v=HFVvvu3B9tA,"Wilhelmina ""Zetta"" Graff Callahan 2024","Wilhelmina ""Zetta"" Graff  ",2024,D1,975.0,YO VISTO ASÍ - Bad Bunny|Speed Drive - Charli xcx|BANDIT - Don Toliver
HGMrmnQxxrA,https://www.youtube.com/watch?v=HGMrmnQxxrA,Tobias Hughes for Donovan 2026,Tobias Hughes   ,2026,D3,1399.0,Helicopter - Bloc Party
HKURZw1QtEY,https://www.youtube.com/watch?v=HKURZw1QtEY,Peter Boerth for Callahan 2025,Peter Boerth   ,2025,D1,5690.0,Catch Me (feat. Naaz) (2025 Remaster) - Yellow Claw
HLh5PSy2yvY,https://www.youtube.com/watch?v=HLh5PSy2yvY,Will Zamsky for Callahan,Will Zamsky  ,unknown,D1,908.0,Ghost - Ella Henderson
HPzvb67CeH4,https://www.youtube.com/watch?v=HPzvb67CeH4,Ray Lopez Callahan 2019,Ray Lopez  ,2019,D1,1726.0,no songs found
HadMVe1gZig,https://www.youtube.com/watch?v=HadMVe1gZig,"Jacques ""Swiper"" Paradis for Donovan 2026","Jacques ""Swiper"" Paradis   ",2026,D3,2533.0,love is embarrassing - Olivia Rodrigo|Let's Go Get Em - BossMan Dlow
HcnF3xAOAFI,https://www.youtube.com/watch?v=HcnF3xAOAFI,"Matt ""Nova"" Sehgal - Donovan 2023","Matt ""Nova"" Sehgal -  ",2023,D3,593.0,no songs found
HeCWxUSxe3o,https://www.youtube.com/watch?v=HeCWxUSxe3o,Liam Searles-Bohs Callahan 2022,Liam Searles-Bohs  ,2022,D1,36029.0,I Play My Kazoo - Grand Analog|Peppers and Onions - Tierra Whack
HeO3akTXsms,https://www.youtube.com/watch?v=HeO3akTXsms,NIck Lopez Callahan 2026,NIck Lopez  ,2026,D1,877.0,Baba O'Riley - The Who|24K Magic - Junta|Still into You - Paramore
Hey7SFejrnY,https://www.youtube.com/watch?v=Hey7SFejrnY,Beaver for Callahan*,Beaver  *,unknown,D1,935.0,no songs found
Hh5wSd8OEi8,https://www.youtube.com/watch?v=Hh5wSd8OEi8,Xavier Fuzat | Callahan 2026,Xavier Fuzat   ,2026,D1,10475.0,"Real Gone (From ""Cars""/Soundtrack Version) - Sheryl Crow|The Show Goes On - Lupe Fiasco"
Hh8kkqY5xXQ,https://www.youtube.com/watch?v=Hh8kkqY5xXQ,"Anjali ""Chuck"" Gopinathan for Callahan 2024","Anjali ""Chuck"" Gopinathan   ",2024,D1,304.0,"Music:
Home - Vince Staples, Richie Kohan

Film:
Ultiworld"
HlkG8gzQ-eA,https://www.youtube.com/watch?v=HlkG8gzQ-eA,Andrew Li Callahan 2023,Andrew Li  ,2023,D1,36530.0,This Hell - Rina Sawayama
HmLM-T_uICo,https://www.youtube.com/watch?v=HmLM-T_uICo,"SLOCORE - Seamus ""Moose"" ""Shame Dolla"" Robinson for Callahan (Teaser)","SLOCORE - Seamus ""Moose"" ""Shame Dolla"" Robinson   (Teaser)",unknown,D1,2402.0,no songs found
Ht-yPsnqMn8,https://www.youtube.com/watch?v=Ht-yPsnqMn8,Dan Stern (Geneseo 'Snail' Ultimate)- Donovan 2018,Dan Stern (Geneseo 'Snail' Ultimate)-  ,2018,D3,1838.0,Music: All Night - Big Boi
Hvkb6Hbw_1A,https://www.youtube.com/watch?v=Hvkb6Hbw_1A,Sam Greenwood Callahan pre 2016,Sam Greenwood  pre ,2016,D1,8713.0,no songs found
HzZzBdVfwX8,https://www.youtube.com/watch?v=HzZzBdVfwX8,Trout Weybright Callahan 2026,Trout Weybright  ,2026,D1,1931.0,no songs found
I0rbETIM_uY,https://www.youtube.com/watch?v=I0rbETIM_uY,Kaitlyn Weaver for Callahan 2020,Kaitlyn Weaver   ,2020,D1,4203.0,"Feeling Good - Nina Simone|Love on Me - Galantis, Hook N Sling"
I1Ao29ziSsk,https://www.youtube.com/watch?v=I1Ao29ziSsk,Wisconsin Presents Aaron Speiss for Callahan 2016,Wisconsin Presents Aaron Speiss   ,2016,D1,5632.0,"Song)- http://soundcloud.com/veorug/the-way-home
Soundcloud (Artist)- http://soundcloud.com/veorug

Track 2- Human Being- Zion I"
I4E2ESih9zk,https://www.youtube.com/watch?v=I4E2ESih9zk,Alli Reilly – Callahan 2026,Alli Reilly –  ,2026,D1,2866.0,Ribs - Lorde|Our Own House - MisterWives
I9Y7YlBxB3Y,https://www.youtube.com/watch?v=I9Y7YlBxB3Y,Nathan Lyle Callahan 2020,Nathan Lyle  ,2020,D1,2708.0,Don't Stop 'Til You Get Enough - Michael Jackson
IE0xA72u_g8,https://www.youtube.com/watch?v=IE0xA72u_g8,Johnny Frohlichstein Callahan 2016,Johnny Frohlichstein  ,2016,D1,1974.0,no songs found
IJHrkBKupSE,https://www.youtube.com/watch?v=IJHrkBKupSE,Miu Shiraiwa Callahan 2025,Miu Shiraiwa  ,2025,D1,1842.0,no songs found
ILhDZ_k8dM8,https://www.youtube.com/watch?v=ILhDZ_k8dM8,Logan Pruess 2016 Callahan,Logan Pruess  ,2016,D1,3037.0,"Song: Heartbreaker - Pat Benatar
Edited by Troy Roberts"
INjXVrf1Ldo,https://www.youtube.com/watch?v=INjXVrf1Ldo,Bailey LaBerteaux for Callahan 2019,Bailey LaBerteaux   ,2019,D1,7849.0,no songs found
IOIDq00sG_E,https://www.youtube.com/watch?v=IOIDq00sG_E,"Macy ""Bootes"" Vollbrecht for Callahan 2024 (teaser)","Macy ""Bootes"" Vollbrecht    (teaser)",2024,D1,164.0,Team - Lorde
IOa8NDLymWI,https://www.youtube.com/watch?v=IOa8NDLymWI,Pitt Women's Ultimate Callahan Nominee 2018 - Carolyn Normile,Pitt Women's Ultimate    - Carolyn Normile,2018,D1,1690.0,no songs found
IXUov3Q-nCQ,https://www.youtube.com/watch?v=IXUov3Q-nCQ,Clil Phillips For Callahan 2024,Clil Phillips   ,2024,D1,3695.0,I'll Be Around (Club Mix) - Cee-Lo|Back To Black - Amy Winehouse
IaGq-9AVJos,https://www.youtube.com/watch?v=IaGq-9AVJos,Mike Murawski Callahan 2024,Mike Murawski  ,2024,D1,1332.0,Free Bird - Lynyrd Skynyrd
IjtWF2vjWak,https://www.youtube.com/watch?v=IjtWF2vjWak,Calvin Stoughton For Callahan 2023,Calvin Stoughton   ,2023,D1,12963.0,Hideaway (Extended Mix) - Kiesza
IlVO_w2DnvI,https://www.youtube.com/watch?v=IlVO_w2DnvI,"Ian ""Kojak"" Zogg for Donovan 2023","Ian ""Kojak"" Zogg   ",2023,D3,361.0,no songs found
ImCDEQLhxIk,https://www.youtube.com/watch?v=ImCDEQLhxIk,Jeremy Nixon for Callahan 2014,Jeremy Nixon   ,2014,D1,7582.0,Song: The xx- Intro
IumZuqZyLIA,https://www.youtube.com/watch?v=IumZuqZyLIA,Matthew Nightingale Callahan 2025,Matthew Nightingale  ,2025,D1,1529.0,Bad Bad Bad (feat. Lil Baby) - Young Thug
IxTtCpV741o,https://www.youtube.com/watch?v=IxTtCpV741o,Aidan Downey | Callahan 2024,Aidan Downey   ,2024,D1,30184.0,Pump It - The Black Eyed Peas
J580tI0alw0,https://www.youtube.com/watch?v=J580tI0alw0,Shane Smith | Callahan 2018,Shane Smith   ,2018,D1,3105.0,no songs found
J7cjXdepGIA,https://www.youtube.com/watch?v=J7cjXdepGIA,Marshall Wildmann Callahan 2025,Marshall Wildmann  ,2025,D1,3847.0,Clarity - Zedd
JAXCf6qfhek,https://www.youtube.com/watch?v=JAXCf6qfhek,Mindy Radike for Callahan 2022,Mindy Radike   ,2022,D1,2559.0,"Vroom Vroom - Charli xcx|Plastic Doll (Ashnikko Remix) - Lady Gaga, Ashnikko"
JKNpjBK460U,https://www.youtube.com/watch?v=JKNpjBK460U,Kennedy McCarthy for Callahan 2024,Kennedy McCarthy   ,2024,D1,6771.0,Dream On (2024 Mix) - Aerosmith
JOS12hWNITA,https://www.youtube.com/watch?v=JOS12hWNITA,Michael O'Brien for Callahan 2022,Michael O'Brien   ,2022,D1,2921.0,Check It Out - Oh the Larceny
JUoqJXOliQk,https://www.youtube.com/watch?v=JUoqJXOliQk,Joey Kennedy Callahan 2022,Joey Kennedy  ,2022,D1,2138.0,"Can't Hold Us (feat. Ray Dalton) - Macklemore & Ryan Lewis, Macklemore, Ryan Lewis"
JeBPwV5a_yc,https://www.youtube.com/watch?v=JeBPwV5a_yc,Justin Hua | Callahan 2024,Justin Hua   ,2024,D1,933.0,Too Close - Alex Clare
JfTxXY0Vpuw,https://www.youtube.com/watch?v=JfTxXY0Vpuw,MARI NIELSEN FOR CALLAHAN 2025 - UVIC WULTIMATE,MARI NIELSEN FOR CALLAHAN  - UVIC WULTIMATE,2025,D1,845.0,Home For A Rest - Spirit of the West
Jokry4bt29E,https://www.youtube.com/watch?v=Jokry4bt29E,Noah Backer for Callahan 2017,Noah Backer   ,2017,D1,9034.0,"Song:  Love Train ft. Greg Paulus & Crew Love
Artist: PillowTalk & Soul Clap
Get the album: http://crewlove.lnk.to/BOATS

Edited by Alex Gaggino"
JtUlxkAN5IQ,https://www.youtube.com/watch?v=JtUlxkAN5IQ,Tyler Monroe for Callahan 2017,Tyler Monroe   ,2017,D1,6526.0,no songs found
K1TXyTHkV1g,https://www.youtube.com/watch?v=K1TXyTHkV1g,Caroline Stone for Callahan 2026 - Teaser,Caroline Stone    - Teaser,2026,D1,1868.0,Sweet Caroline - Neil Diamond
K5yGLtm24sg,https://www.youtube.com/watch?v=K5yGLtm24sg,Tommy Lin for Callahan 2019,Tommy Lin   ,2019,D1,3714.0,"Music: Whatever it Takes - Imagine Dragons
Editor: Joshua Yuan"
K5zgfJBLDAw,https://www.youtube.com/watch?v=K5zgfJBLDAw,Lili Hobday for Callahan 2026,Lili Hobday   ,2026,D1,1027.0,"Elevator - Beachcrimes, Tia Tia|The World Is Mine (Whole World Ahead) - Samm Henshaw|Hey Baby (Uhh, Ahh) (Uhh, Ahh) - DJ Ötzi"
K8qd04ieSNQ,https://www.youtube.com/watch?v=K8qd04ieSNQ,"Ethan Ruh for Callahan 2023, W&M Men's Ultimate","Ethan Ruh   , W&M Men's Ultimate",2023,D1,17597.0,Chelsea Dagger - The Fratellis
KB4RB8lhUSI,https://www.youtube.com/watch?v=KB4RB8lhUSI,CallaCam,CallaCam,unknown,D1,7464.0,On This Side - Brent Faiyaz
KEhY6fyByao,https://www.youtube.com/watch?v=KEhY6fyByao,Brett Schoppert for Donovan 2023,Brett Schoppert   ,2023,D3,2515.0,Sail - AWOLNATION
KGJFV_pI0Xk,https://www.youtube.com/watch?v=KGJFV_pI0Xk,TOZE,TOZE,unknown,D1,1872.0,no songs found
KHrHMee2RSQ,https://www.youtube.com/watch?v=KHrHMee2RSQ,Carter Rae 2018 Donovan Award,Carter Rae   ,2018,D3,1918.0,no songs found
KT0DV6Y49-I,https://www.youtube.com/watch?v=KT0DV6Y49-I,Connor Russell Callahan 2020,Connor Russell  ,2020,D1,9971.0,Chill Bill REMIX - Rob $tone|Never Be Like You (feat. Kai) - Flume
KTvEY46foN8,https://www.youtube.com/watch?v=KTvEY46foN8,"Natalie ""Nat"" Sweet for Donovan 2025","Natalie ""Nat"" Sweet   ",2025,D3,371.0,"Song--Sympathy is a Knife by Charli XCX 
Media--National Ultimate, Vish Nation"
KWAPc72kEvU,https://www.youtube.com/watch?v=KWAPc72kEvU,Chris Iglesias for Callahan 2025,Chris Iglesias   ,2025,D1,5064.0,For Y'all (feat. Jacquees) - Young Thug
KXVWwNE7XqY,https://www.youtube.com/watch?v=KXVWwNE7XqY,Jay Clark 2012 Ultimate Highlights,Jay Clark  Ultimate Highlights,2012,D1,44325.0,song.
KZIdOalLsVQ,https://www.youtube.com/watch?v=KZIdOalLsVQ,Thomas Edmonds for Callahan 2016,Thomas Edmonds   ,2016,D1,7192.0,no songs found
KejIMlS6juU,https://www.youtube.com/watch?v=KejIMlS6juU,Christopher Cogswell Callahan 2016,Christopher Cogswell  ,2016,D1,22044.0,no songs found
Kg26w49S9ns,https://www.youtube.com/watch?v=Kg26w49S9ns,Lisa P Callahan 2014,Lisa P  ,2014,D1,38641.0,no songs found
Kjz2uk9-e24,https://www.youtube.com/watch?v=Kjz2uk9-e24,Occidental's Adam Grammer for Donovan 2018,Occidental's Adam Grammer   ,2018,D3,1395.0,no songs found
KlIMnETijJE,https://www.youtube.com/watch?v=KlIMnETijJE,Henry Ing for Callahan 2023 Teaser Video,Henry Ing    Teaser Video,2023,D1,8119.0,no songs found
KpPmy0arbwU,https://www.youtube.com/watch?v=KpPmy0arbwU,Robin Fassett-Carman for Callahan 2017,Robin Fassett-Carman   ,2017,D1,958.0,no songs found
L2nN3-uhmrs,https://www.youtube.com/watch?v=L2nN3-uhmrs,Jason Evans for Callahan 2025,Jason Evans   ,2025,D1,1557.0,Someone To Call My Lover - Janet Jackson
L71WGQ2M78w,https://www.youtube.com/watch?v=L71WGQ2M78w,Samiya Ismail for Callahan 2019,Samiya Ismail   ,2019,D1,2043.0,"song, not ours."
L9s8ZVnaxUw,https://www.youtube.com/watch?v=L9s8ZVnaxUw,"Adam ""Ochen"" Cohen Callahan 2023","Adam ""Ochen"" Cohen  ",2023,D1,1968.0,"That's What I Like (feat. Gucci Mane) (feat. Gucci Mane; Remix) - Bruno Mars, Gucci Mane|Don't Blame Me (Karaoke Version) - Taylor Swift"
LA49oH035IU,https://www.youtube.com/watch?v=LA49oH035IU,"Max ""Cash"" Rogers - 2025 Donovan","Max ""Cash"" Rogers -  ",2025,D3,1173.0,no songs found
LBLd3CODH9M,https://www.youtube.com/watch?v=LBLd3CODH9M,Gabbie Campbell Donovan 2026,Gabbie Campbell  ,2026,D3,903.0,Speed Drive - Charli xcx
LLMSbz9NJcY,https://www.youtube.com/watch?v=LLMSbz9NJcY,UW Sundodgers' Steven Benaloh for Callahan 2018,UW Sundodgers' Steven Benaloh   ,2018,D1,21434.0,no songs found
LLtADYuKBkA,https://www.youtube.com/watch?v=LLtADYuKBkA,John Carbone #10 for Donovan 2025,John Carbone #10   ,2025,D3,666.0,Sauce It Up - Lil Uzi Vert|Too Much Sauce - DJ ESCO
LMqHz6iJFvk,https://www.youtube.com/watch?v=LMqHz6iJFvk,Celeste Picone Callahan 2024,Celeste Picone  ,2024,D1,785.0,Music: So What by Pink
LOzw9boe5Tk,https://www.youtube.com/watch?v=LOzw9boe5Tk,Emmett Blau | Donovan 2017,Emmett Blau   ,2017,D3,6590.0,no songs found
LSAZg2m6DnM,https://www.youtube.com/watch?v=LSAZg2m6DnM,IU's Lucas Coniaris for Callahan 2022,IU's Lucas Coniaris   ,2022,D1,847.0,"Main Title/Rebel Blockade Runner (From ""Star Wars: A New Hope""/Score) - London Voices, London Symphony Orchestra, John Williams, New London Children's Choir|Wow. - Post Malone"
LVAyEsw-INk,https://www.youtube.com/watch?v=LVAyEsw-INk,Sam Swenson-Reinhold for Donovan 2021,Sam Swenson-Reinhold   ,2021,D3,315.0,La Grange (2019 Remaster) - ZZ Top
LWIJGJ1_Vyk,https://www.youtube.com/watch?v=LWIJGJ1_Vyk,Lily Johnson for Callahan 2026,Lily Johnson   ,2026,D1,5487.0,Take Me Out - Franz Ferdinand|Walk Like an Egyptian - The Bangles
LXqd7-dFFXc,https://www.youtube.com/watch?v=LXqd7-dFFXc,Luke Thomas Callahan 2024,Luke Thomas  ,2024,D1,1675.0,"Just A Mirage - INZO, ILLUSIO|Mercy - Jauz, Masked Wolf"
LYRJUnCDKXc,https://www.youtube.com/watch?v=LYRJUnCDKXc,Jesse Buchsbaum for 2015 Callahan,Jesse Buchsbaum   ,2015,D1,10063.0,"Songs -

A$AP Rocky - Palace Instrumental
Chris Brassard - BuckingHAM (Interlude)

Video footage by Charles Cleary and Ultiworld."
LezvlZrkcR8,https://www.youtube.com/watch?v=LezvlZrkcR8,Eddie Kim Callahan 2026,Eddie Kim  ,2026,D1,1536.0,Confident (Single Version) - Justin Bieber
LiGtQBx3C14,https://www.youtube.com/watch?v=LiGtQBx3C14,JHU Dangerzone: Quinn Hauck for Callahan 2023,JHU Dangerzone Quinn Hauck   ,2023,D1,1467.0,no songs found
LvoJjkVgY7M,https://www.youtube.com/watch?v=LvoJjkVgY7M,Nicholas Culver for Callahan 2020,Nicholas Culver   ,2020,D1,1248.0,Natural - Imagine Dragons
LxDGoD5XOaY,https://www.youtube.com/watch?v=LxDGoD5XOaY,Nate Little for Callahan 2024,Nate Little   ,2024,D1,3318.0,Back On My BS - BigXthaPlug|Everyday Hustle - Future
Lzk5euXLuA0,https://www.youtube.com/watch?v=Lzk5euXLuA0,Chris Strub for Callahan,Chris Strub  ,unknown,D1,22469.0,no songs found
M1HvJAdlz4A,https://www.youtube.com/watch?v=M1HvJAdlz4A,Gunslinger  - Oliver Vickers Batzdorf for Donovan 2022,Gunslinger  - Oliver Vickers Batzdorf   ,2022,D3,299.0,no songs found
M3XrESlmtaU,https://www.youtube.com/watch?v=M3XrESlmtaU,"Mathieu ""Jarvis"" Agee for Callahan 2021","Mathieu ""Jarvis"" Agee   ",2021,D1,3880.0,"Wellerman (Sea Shanty / 220 KID x Billen Ted Remix) - Nathan Evans, 220 KID"
M8mRzY1oxYc,https://www.youtube.com/watch?v=M8mRzY1oxYc,Justin Luna Callahan 2025,Justin Luna  ,2025,D1,2242.0,Cheerleader - Porter Robinson
MDteklf08d4,https://www.youtube.com/watch?v=MDteklf08d4,Jason Tapper for Callahan 2026,Jason Tapper   ,2026,D1,3054.0,Edge of Seventeen (2019 Remaster) - Stevie Nicks|Take Me Out - Franz Ferdinand|Let's Dance to Joy Division (2013 Remaster) - The Wombats
MDyXgrkRmx4,https://www.youtube.com/watch?v=MDyXgrkRmx4,Jessie Sun for Callahan 2021 [FULL],Jessie Sun    [FULL],2021,D1,4811.0,"Circles - Machineheart, Vanic"
MSJCFlowLIE,https://www.youtube.com/watch?v=MSJCFlowLIE,"Mia ""Crunch"" Tess Callahan 2021","Mia ""Crunch"" Tess  ",2021,D1,566.0,no songs found
MYgf9GI_UT4,https://www.youtube.com/watch?v=MYgf9GI_UT4,Caleb Seamon for Callahan 2022,Caleb Seamon   ,2022,D1,2547.0,no songs found
MZAfiuz1O1s,https://www.youtube.com/watch?v=MZAfiuz1O1s,Cooper Williams for Callahan 2023,Cooper Williams   ,2023,D1,2232.0,mind games - renforshort
Ma7dATxbsok,https://www.youtube.com/watch?v=Ma7dATxbsok,"Luke ""Beetleborg"" Brennan Callahan Video","Luke ""Beetleborg"" Brennan  Video",unknown,D1,2452.0,no songs found
Mcs7uPGPTds,https://www.youtube.com/watch?v=Mcs7uPGPTds,Seth Wells for Callahan 2024,Seth Wells   ,2024,D1,5015.0,Blood // Water - grandson
MgAwBOIqZYA,https://www.youtube.com/watch?v=MgAwBOIqZYA,Aaron Olney for Donovan Award 2018,Aaron Olney    ,2018,D3,567.0,no songs found
MhVrgc0IwJM,https://www.youtube.com/watch?v=MhVrgc0IwJM,Leina Goto for Donovan 2025,Leina Goto   ,2025,D3,835.0,HYAENA - Travis Scott|Windows Up - Molly Santana
Ms3b0Nki3_s,https://www.youtube.com/watch?v=Ms3b0Nki3_s,Cob & Wiz for Callahan 2016,Cob & Wiz   ,2016,D1,235.0,no songs found
Mthj07T-7L4,https://www.youtube.com/watch?v=Mthj07T-7L4,Joe Byerly Callahan 2020,Joe Byerly  ,2020,D1,2539.0,no songs found
N0ePWVFRmpY,https://www.youtube.com/watch?v=N0ePWVFRmpY,Tarik Akyuz for Callahan 2017 - Part 1: The Introduction,Tarik Akyuz    - Part 1 The Introduction,2017,D1,3472.0,no songs found
N2ZJmqB1J7M,https://www.youtube.com/watch?v=N2ZJmqB1J7M,Mark Henke - Callahan 2026,Mark Henke -  ,2026,D1,3310.0,Tally - Twenty One Pilots
N9UXIgikt-k,https://www.youtube.com/watch?v=N9UXIgikt-k,Max Cassell Callahan 2016,Max Cassell  ,2016,D1,5961.0,no songs found
NCfsIintnyQ,https://www.youtube.com/watch?v=NCfsIintnyQ,Regina Barcio for Donovan 2020,Regina Barcio   ,2020,D3,614.0,Higher - The Score
ND2gpPiJnzM,https://www.youtube.com/watch?v=ND2gpPiJnzM,Kaitlynne Roling - Callahan 2020,Kaitlynne Roling -  ,2020,D1,2050.0,no songs found
NI4cdxS2Zgk,https://www.youtube.com/watch?v=NI4cdxS2Zgk,Julianna Werffeli for Callahan,Julianna Werffeli  ,unknown,D1,8828.0,no songs found
NNA6HpoUY5c,https://www.youtube.com/watch?v=NNA6HpoUY5c,Troy Beauchat for Callahan 2020 - Edinboro Ultimate,Troy Beauchat    - Edinboro Ultimate,2020,D1,626.0,Let's Go - Zayde Wølf
NXIkNcA4AEY,https://www.youtube.com/watch?v=NXIkNcA4AEY,Rebecca Fagan - Callahan 2019,Rebecca Fagan -  ,2019,D1,12460.0,no songs found
NXXxBZQbtAU,https://www.youtube.com/watch?v=NXXxBZQbtAU,Ammon Longenecker Callahan 2026 #longeneckallahan,Ammon Longenecker   #longeneckallahan,2026,D1,1533.0,Ramble On (1990 Remaster) - Led Zeppelin
NZJv7vYQqHM,https://www.youtube.com/watch?v=NZJv7vYQqHM,Chaily Derecskey for Callahan 2025,Chaily Derecskey   ,2025,D1,762.0,Purple Hat - SOFI TUKKER
Nfhm1uyUHpM,https://www.youtube.com/watch?v=Nfhm1uyUHpM,Drew Otterlei for Donovan 2021,Drew Otterlei   ,2021,D3,814.0,"Purple Lamborghini - Skrillex, Rick Ross|range brothers - Baby Keem, Kendrick Lamar"
NjHkSk3sVoc,https://www.youtube.com/watch?v=NjHkSk3sVoc,Stanley Peterson for Callahan 2015,Stanley Peterson   ,2015,D1,79224.0,Borderline (Vanic Remix) - Tove Styrke
Nq1KvJAZPvo,https://www.youtube.com/watch?v=Nq1KvJAZPvo,Jack Simmons Callahan 2024,Jack Simmons  ,2024,D1,3423.0,Poppin' My Collar - Three 6 Mafia
Nu0oS-lEA00,https://www.youtube.com/watch?v=Nu0oS-lEA00,Ryan Chapman for Callahan,Ryan Chapman  ,unknown,D1,550.0,I'm Still Standing - Elton John
NvwGYRBPNkE,https://www.youtube.com/watch?v=NvwGYRBPNkE,Thomas Nye | Callahan 2022,Thomas Nye   ,2022,D1,2177.0,Harlem - New Politics
O16I5VxYY24,https://www.youtube.com/watch?v=O16I5VxYY24,Alex Warrington Callahan 2026,Alex Warrington  ,2026,D1,238.0,Blitzkrieg Bop (1999 Remaster) - Ramones|Cure For Me (Slowed + Reverb) - AURORA
O29ICvm7UdQ,https://www.youtube.com/watch?v=O29ICvm7UdQ,Chris Cooney Callahan 2024,Chris Cooney  ,2024,D1,825.0,Murder On The Dancefloor - Sophie Ellis-Bextor
O5kXzFmGg2g,https://www.youtube.com/watch?v=O5kXzFmGg2g,The Callahan - Ultimate Frisbee's MVP,The  - Ultimate Frisbee's MVP,unknown,D1,4099.0,no songs found
O6SPKne8Tjc,https://www.youtube.com/watch?v=O6SPKne8Tjc,"Wiona ""Maserati"" Tan Callahan 2024","Wiona ""Maserati"" Tan  ",2024,D1,1434.0,Man! I Feel Like A Woman! - Shania Twain
O6dODJg1fR8,https://www.youtube.com/watch?v=O6dODJg1fR8,"Ava ""Raffi"" Hanna | Callahan  2022 Nominee","Ava ""Raffi"" Hanna     ",2022,D1,4510.0,Only Time - Enya|POWER (Album Version (Edited)) - Kanye West|Gimme! Gimme! Gimme! (A Man After Midnight) - Abba
O8go-mB9hp0,https://www.youtube.com/watch?v=O8go-mB9hp0,Jimmy Pignetti for Donovan 2018,Jimmy Pignetti   ,2018,D3,475.0,"Music: ""Man on a Mission"" & ""Can't Stop Me Now"" by Oh the Larceny"
O8tsOsuuZlc,https://www.youtube.com/watch?v=O8tsOsuuZlc,Steph Lim (Slim) | Callahan 2015,Steph Lim (Slim)   ,2015,D1,5554.0,no songs found
O9qN4WMYyW4,https://www.youtube.com/watch?v=O9qN4WMYyW4,Sophia Vaccaro for Callahan 2022,Sophia Vaccaro   ,2022,D1,824.0,Van Horn - Saint Motel
ONyVs_tnSWg,https://www.youtube.com/watch?v=ONyVs_tnSWg,2014 Callahan Nominee - Sam Goldman,   - Sam Goldman,2014,D1,2302.0,song.
OVbbtQgzurQ,https://www.youtube.com/watch?v=OVbbtQgzurQ,Colorado State HIBIDA's Mo Scott for Callahan,Colorado State HIBIDA's Mo Scott  ,unknown,D1,2626.0,Mr. Blue Sky - Electric Light Orchestra
OmZzzty1ZFg,https://www.youtube.com/watch?v=OmZzzty1ZFg,Tom Radcliffe - Callahan 2015,Tom Radcliffe -  ,2015,D1,25007.0,no songs found
OnWbVG6EtAk,https://www.youtube.com/watch?v=OnWbVG6EtAk,Purdue's Jake Fella - Callahan 2017,Purdue's Jake Fella -  ,2017,D1,6247.0,no songs found
OvNKOjEe-pw,https://www.youtube.com/watch?v=OvNKOjEe-pw,Leo Sovell-Fernandez Donovan 2022,Leo Sovell-Fernandez  ,2022,D3,3403.0,Crab Rave - Noisestorm|Runaway (U & I) - Galantis
OznqqoVvxsw,https://www.youtube.com/watch?v=OznqqoVvxsw,"Emma ""Capwn"" Ellefson-Frank Callahan 2024","Emma ""Capwn"" Ellefson-Frank  ",2024,D1,705.0,Leaving The Light - Genesis Owusu
PA0ghbiTC1A,https://www.youtube.com/watch?v=PA0ghbiTC1A,"Michael ""Ogre"" Ogren for Callahan 2014","Michael ""Ogre"" Ogren   ",2014,D1,39370.0,Music: Till I Collapse & Stuff by Eminem and Deadmau5
PCJuBbjL1rA,https://www.youtube.com/watch?v=PCJuBbjL1rA,Dylan Salzman - Donovan 2019,Dylan Salzman -  ,2019,D3,3357.0,no songs found
PGlLMQtc5tY,https://www.youtube.com/watch?v=PGlLMQtc5tY,Cassie Swafford - 2014 Callahan Winner,Cassie Swafd -   Winner,2014,D1,2293.0,no songs found
PJbcT5uMTGc,https://www.youtube.com/watch?v=PJbcT5uMTGc,Abby Hecko for Callahan 2023,Abby Hecko   ,2023,D1,50178.0,Bad Blood (Taylor's Version) - Taylor Swift
PKHMglKr0Pk,https://www.youtube.com/watch?v=PKHMglKr0Pk,Anders Olsen Callahan 2018,Anders Olsen  ,2018,D1,5459.0,Song Used: In the Face of Evil -- Magic Sword
PNaulwWE4-E,https://www.youtube.com/watch?v=PNaulwWE4-E,David Zhou Callahan 2025,David Zhou  ,2025,D1,1030.0,Otis - JAŸ-Z
POtdhyDNifI,https://www.youtube.com/watch?v=POtdhyDNifI,Burning Skirts 2022 Callahan Teaser,Burning Skirts   Teaser,2022,D1,223.0,"Music creds:
Big Boy - Payday"
PRojZ7BzETg,https://www.youtube.com/watch?v=PRojZ7BzETg,Isabella Marie Wahl Baide #11 for Callahan 2025,Isabella Marie Wahl Baide #11   ,2025,D1,526.0,"Hot Wings (I Wanna Party) - will.i.am, Jamie Foxx, Anne Hathaway"
PSfoSlgteR4,https://www.youtube.com/watch?v=PSfoSlgteR4,Claire Schmitt for Callahan,Claire Schmitt  ,unknown,D1,933.0,no songs found
PUzSUhy7ioE,https://www.youtube.com/watch?v=PUzSUhy7ioE,Ryan McDonnell 2024 Donovan Award Highlight Reel,Ryan McDonnell    Highlight Reel,2024,D3,197.0,Bang the Drum All Day - Todd Rundgren
PayDE_kAPpM,https://www.youtube.com/watch?v=PayDE_kAPpM,Jack Doherty-Eagles Callahan 2022,Jack Doherty-Eagles  ,2022,D1,2841.0,Catch & Release - Deepend Remix - Matt Simons
PfORnhi0wXA,https://www.youtube.com/watch?v=PfORnhi0wXA,Martin Newman for Callahan 2018,Martin Newman   ,2018,D1,4007.0,no songs found
Pl-Q-oCnP-Q,https://www.youtube.com/watch?v=Pl-Q-oCnP-Q,Donovan 2018: Alan Villanueva,  Alan Villanueva,2018,D3,3269.0,no songs found
PlGet6r58LA,https://www.youtube.com/watch?v=PlGet6r58LA,Will Chen for Callahan by Mike MacKenzie,Will Chen   by Mike MacKenzie,unknown,D1,10981.0,no songs found
PmudDg3-CUw,https://www.youtube.com/watch?v=PmudDg3-CUw,Katrina McGuire - Callahan 2025,Katrina McGuire -  ,2025,D1,1398.0,Purple Hat - SOFI TUKKER
PoS2EPQKdM4,https://www.youtube.com/watch?v=PoS2EPQKdM4,Ericka Edgell Callahan 2026,Ericka Edgell  ,2026,D1,411.0,"Music: 
SonReal - Can I Get A Witness?"
PsKW8WnWD4Q,https://www.youtube.com/watch?v=PsKW8WnWD4Q,Calliope Cutchins for Callahan 2026,Calliope Cutchins   ,2026,D1,952.0,"Yeah! (Instrumental) - Usher|Sticky - Tyler, The Creator|Von dutch a. g. cook remix featuring addison rae - Charli xcx, Addison Rae, A. G. Cook"
PsTK1WdbP-0,https://www.youtube.com/watch?v=PsTK1WdbP-0,Alex Cloud - Callahan 2015,Alex Cloud -  ,2015,D1,7208.0,"Music- ""People Say"" by Portugal the Man"
Pzg8j-XE0Hw,https://www.youtube.com/watch?v=Pzg8j-XE0Hw,Lucinda Olson #58 for Donovan 2025,Lucinda Olson #58   ,2025,D3,308.0,Nosebleeds - Doechii
Q9cs9yNYEfM,https://www.youtube.com/watch?v=Q9cs9yNYEfM,Sam Scott for Callahan 2020,Sam Scott   ,2020,D1,849.0,Prices - Lil Uzi Vert
QJI73_6WxtI,https://www.youtube.com/watch?v=QJI73_6WxtI,"Jiwei ""Sandy"" Wu for Callahan 2026","Jiwei ""Sandy"" Wu   ",2026,D1,539.0,The Show Goes On - Lupe Fiasco
Qbs-GewKut4,https://www.youtube.com/watch?v=Qbs-GewKut4,Bradley Paul - Callahan 2025,Bradley Paul -  ,2025,D1,621.0,I Wish (Radio Edit) - Skee‐Lo|U Can't Touch This - MC Hammer|Break You Off - The Roots|Sabotage - Beastie Boys|BABY I'M BACK - The Kid Laroi
Qe2cst3hLak,https://www.youtube.com/watch?v=Qe2cst3hLak,Jackson Potts Callahan 2023,Jackson Potts  ,2023,D1,4388.0,Don't Start Now (Regard Remix) - Dua Lipa|Blasé (feat. Future & Rae Sremmurd) (Louis the Child Remix) - TYDOLLA$IGN
QnzkRjcjlWI,https://www.youtube.com/watch?v=QnzkRjcjlWI,Alex Barnett for Callahan 2023,Alex Barnett   ,2023,D1,10115.0,Heaven Only Knows - Towkio|What's My Age Again? - blink-182
Qq3AXasMzDM,https://www.youtube.com/watch?v=Qq3AXasMzDM,Dagny Lott for Callahan 2024,Dagny Lott   ,2024,D1,718.0,"Jolene (Destructo Remix) - Dolly Parton, Destructo"
QrDRrm3DBl8,https://www.youtube.com/watch?v=QrDRrm3DBl8,"Ellie ""Jello"" Jose for Callahan 2023","Ellie ""Jello"" Jose   ",2023,D1,1113.0,"Music: 
Mr. Morale - Kendrick Lamar 
Jello - Brockhampton 
Level up- Ciara"
QvLdJunQIbY,https://www.youtube.com/watch?v=QvLdJunQIbY,John Bloch - Callahan Nominee 2012,John Bloch -   ,2012,D1,22746.0,no songs found
QyW5KIb5jz4,https://www.youtube.com/watch?v=QyW5KIb5jz4,Clara Stewart for Callahan 2023,Clara Stewart   ,2023,D1,8356.0,Winter 1 (2012) - Max Richter|Her - Megan Thee Stallion
R6g2LjV8UGg,https://www.youtube.com/watch?v=R6g2LjV8UGg,Mimi Marino Callahan nominee 2024,Mimi Marino  nominee ,2024,D1,169.0,Paint It Black (Stereo Version) - The Rolling Stones|Maneater - Daryl Hall & John Oates
R9aU-a9_1-U,https://www.youtube.com/watch?v=R9aU-a9_1-U,Lee Tarlin for Donovan 2017,Lee Tarlin   ,2017,D3,578.0,no songs found
RGYvkyJdioM,https://www.youtube.com/watch?v=RGYvkyJdioM,Hannah Henkin for Callahan 2016,Hannah Henkin   ,2016,D1,6462.0,no songs found
RGzIm3j7lj4,https://www.youtube.com/watch?v=RGzIm3j7lj4,Jay Froude Callahan Nominee 2016 #GetOnUp,Jay Froude    #GetOnUp,2016,D1,24690.0,"Songs: Get On Up — Big Gigantic
Until You Were Gone — Tritonal feat. Chainsmokers

Editing Credits: Jordan McGhee and Zach Seusy"
RQixFnHyq84,https://www.youtube.com/watch?v=RQixFnHyq84,Zoë Lewis for the Donovan award 2017,Zoë Lewis  the  award ,2017,D3,1033.0,no songs found
RRNtil9soKk,https://www.youtube.com/watch?v=RRNtil9soKk,Slayter Marwitz | Callahan 2018,Slayter Marwitz   ,2018,D1,2421.0,no songs found
RXJ2xcMahVs,https://www.youtube.com/watch?v=RXJ2xcMahVs,James Doherty For Callahan 2018,James Doherty   ,2018,D1,634.0,no songs found
RYm4xOeqc4U,https://www.youtube.com/watch?v=RYm4xOeqc4U,Collin Casseri Callahan 2024,Collin Casseri  ,2024,D1,687.0,Blame It on the Boogie - The Jacksons
RZp7B-vuCl8,https://www.youtube.com/watch?v=RZp7B-vuCl8,Ashley Powell for Callahan 2018,Ashley Powell   ,2018,D1,2492.0,no songs found
RahgQk5FCpA,https://www.youtube.com/watch?v=RahgQk5FCpA,Corinn Pruitt for Callahan 2018,Corinn Pruitt   ,2018,D1,821.0,no songs found
Rd0Vw9MUJeU,https://www.youtube.com/watch?v=Rd0Vw9MUJeU,CJ Flory for Callahan 2024,CJ Flory   ,2024,D1,260.0,Rush - Troye Sivan
RifiZzTBxJY,https://www.youtube.com/watch?v=RifiZzTBxJY,Raymond Lu Callahan Teaser,Raymond Lu  Teaser,unknown,D1,1058.0,no songs found
RpUAs8gp2S4,https://www.youtube.com/watch?v=RpUAs8gp2S4,Zach Donovan 2018,Zach  ,2018,D3,6517.0,no songs found
RtAoZzffzys,https://www.youtube.com/watch?v=RtAoZzffzys,Tim Gehret Callahan 2006,Tim Gehret  2006,unknown,D1,13186.0,no songs found
RtzPhLj3gAY,https://www.youtube.com/watch?v=RtzPhLj3gAY,Khalif El-Salaam for Callahan 2016,Khalif El-Salaam   ,2016,D1,89898.0,no songs found
RvQjYWGCYXM,https://www.youtube.com/watch?v=RvQjYWGCYXM,"Ben ""Blues"" Fasciano for Donovan 2023","Ben ""Blues"" Fasciano   ",2023,D3,604.0,"MUSIC:
Seventeen by Sjowgreen"
RwD34ikCNKg,https://www.youtube.com/watch?v=RwD34ikCNKg,Qxhna Titcomb | Callahan 2015,Qxhna Titcomb   ,2015,D1,19528.0,no songs found
S0dkh8kmAw8,https://www.youtube.com/watch?v=S0dkh8kmAw8,Aaron Hom for Callahan 2019,Aaron Hom   ,2019,D1,2490.0,"Song Credits:
Bunsen Burner - South County Money Boys
Live In The Moment - Portugal. The Man"
S7tkegQmLII,https://www.youtube.com/watch?v=S7tkegQmLII,Nick Lance Callahan 2012,Nick Lance  ,2012,D1,171158.0,"Fortuna Imperatrix Mundi (Alternate Mix,) - Lubeck Festival Choir And Orchestra|Mind Heist - Zack Hemsey"
S97HouQAOe0,https://www.youtube.com/watch?v=S97HouQAOe0,Adam Goldstein | Callahan 2026,Adam Goldstein   ,2026,D1,807.0,Let's Get It Started - The Black Eyed Peas|Tainted Love (Original Version / Remastered 2021) - Soft Cell
SIcReU3IEtM,https://www.youtube.com/watch?v=SIcReU3IEtM,Laura Gerencser for Callahan 2018,Laura Gerencser   ,2018,D1,3269.0,no songs found
SKqgdTKVH0o,https://www.youtube.com/watch?v=SKqgdTKVH0o,Mira Donaldson Callahan 2016,Mira Donaldson  ,2016,D1,11740.0,no songs found
SNSxfObXazo,https://www.youtube.com/watch?v=SNSxfObXazo,Rob Korbel for Donovan 2017,Rob Korbel   ,2017,D3,1037.0,"Song: Go Baby (feat. GemStones) by Lupe Fiasco

All Images and content via UPS Postmen"
SQBxKqmo8Rk,https://www.youtube.com/watch?v=SQBxKqmo8Rk,Julia Zhang for Callahan 2020 | UBC | - NKolakovic,Julia Zhang     UBC  - NKolakovic,2020,D1,6904.0,"Song:
Anna Yvette - Red Line 

Vlogs:
https://www.youtube.com/channel/UCTNUguU0skf8M_9oxmBi4vA

Website:
www.NKolakovic.com

Universe Point Cleats:
https://www.universepoint.com

Greatest Ultimate Bag 
10% Discount using code ""NK10""
http://www.greatestbag.com

Facebook: NKolakovic
https://www.facebook.com/NKolakovic%20/
https://www.instagram.com/nkolakovic/
https://twitter.com/NKolakovic"
SRkPVdAXA0I,https://www.youtube.com/watch?v=SRkPVdAXA0I,Jordan Chambliss - Donnovan/Callahan award 2020,Jordan Chambliss - Donnovan/ award ,2020,D1,811.0,You Can't Stop Me - Andy Mineo
SVhBBEq5lZk,https://www.youtube.com/watch?v=SVhBBEq5lZk,"Nic ""Spaghetti Joe"" Sprague for Callahan 2024","Nic ""Spaghetti Joe"" Sprague   ",2024,D1,3754.0,"You're a Mean One, Mr. Grinch-13856 - Tyler, The Creator|Brooklyn Bridge To Chorus - The Strokes"
SVn8gnMp7Kc,https://www.youtube.com/watch?v=SVn8gnMp7Kc,Makella Daley for Callahan 2018,Makella Daley   ,2018,D1,2371.0,"Music: Sunshine by POWERS
Edited by Hadley Nellis"
SVpPQwQXVz8,https://www.youtube.com/watch?v=SVpPQwQXVz8,Matt Carter for Callahan 2017,Matt Carter   ,2017,D1,3389.0,no songs found
S_uc3dJeTa8,https://www.youtube.com/watch?v=S_uc3dJeTa8,Caroline Stone for Callahan 2026,Caroline Stone   ,2026,D1,6385.0,Cocoon - 070 Shake|Roses - Outkast
SlMFU2iX-tQ,https://www.youtube.com/watch?v=SlMFU2iX-tQ,Everest Shapiro for Callahan 2021,Everest Shapiro   ,2021,D1,3312.0,Intermezzo: The Lion - N-Vitral|Uproar - Lil Wayne|Liability (Reprise) - Lorde
SmElEXw9NwM,https://www.youtube.com/watch?v=SmElEXw9NwM,Michael Ing Callahan 2020,Michael Ing  ,2020,D1,75517.0,no songs found
SmfKkp8OH7o,https://www.youtube.com/watch?v=SmfKkp8OH7o,Adam Rees Callahan,Adam Rees ,unknown,D1,13309.0,Song: New Map - M83
StJVqzE9QJM,https://www.youtube.com/watch?v=StJVqzE9QJM,Jackson Trone Callahan 2025,Jackson Trone  ,2025,D1,900.0,False Confidence - Noah Kahan
SuxUd9AcgJc,https://www.youtube.com/watch?v=SuxUd9AcgJc,"Kate ""Shredder"" Laemmle for Donovan 2020","Kate ""Shredder"" Laemmle   ",2020,D3,411.0,Kids (Radio Mix) - MGMT
SxFh8j7R4Dc,https://www.youtube.com/watch?v=SxFh8j7R4Dc,Sage McGinley-Smith for Callahan 2025,Sage McGinley-Smith   ,2025,D1,1249.0,"MONEY ON THE DASH DIPLO REMIX - Elley Duhé, Whethan|I'm Shipping Up To Boston - Dropkick Murphys"
SymYMgEAJEI,https://www.youtube.com/watch?v=SymYMgEAJEI,MIKA KURAHASHI CALLAHAN 2026,MIKA KURAHASHI CALLAHAN ,2026,D1,25149.0,Let's Get It Started - The Black Eyed Peas|Where Have You Been (Album Version) - Rihanna
T95cV6hrdLY,https://www.youtube.com/watch?v=T95cV6hrdLY,Charles Lieberman - 2022 Callahan Video - Tulane Tucks Ultimate,Charles Lieberman -   Video - Tulane Tucks Ultimate,2022,D1,2197.0,Sirius - The Alan Parsons Project|Touch The Sky (Radio Edit) - Kanye West
TCy7ihoysZA,https://www.youtube.com/watch?v=TCy7ihoysZA,"Max ""Sunshine"" Hanscom - 2023 Donovan","Max ""Sunshine"" Hanscom -  ",2023,D3,1561.0,no songs found
TG2PGv3utZA,https://www.youtube.com/watch?v=TG2PGv3utZA,Rachel Kramer Callahan 2017,Rachel Kramer  ,2017,D1,2564.0,no songs found
TNwfVLXOpKk,https://www.youtube.com/watch?v=TNwfVLXOpKk,Dean Merritt For Donovan 2020,Dean Merritt   ,2020,D3,846.0,Where It's At - Beck
TQ-dcisE0L4,https://www.youtube.com/watch?v=TQ-dcisE0L4,Sara Bauman | Callahan 2026,Sara Bauman   ,2026,D1,509.0,no songs found
TaD_E8W_px0,https://www.youtube.com/watch?v=TaD_E8W_px0,Kai Kirsch Donovan 2025,Kai Kirsch  ,2025,D3,1935.0,Change (In The House Of Flies) (Tourist Remix) - Deftones
TdRh4O-RKZA,https://www.youtube.com/watch?v=TdRh4O-RKZA,Justin Allen Callahan 2014,Justin Allen  ,2014,D1,106341.0,no songs found
TrAd5O2NaRI,https://www.youtube.com/watch?v=TrAd5O2NaRI,Marshall Hodges Callahan 2026,Marshall Hodges  ,2026,D1,1207.0,Break Stuff - Limp Bizkit
TrDOMjwUdPw,https://www.youtube.com/watch?v=TrDOMjwUdPw,Soham Shah - 2015 Callahan Nominee,Soham Shah -   ,2015,D1,8698.0,no songs found
TvP_4hESCuI,https://www.youtube.com/watch?v=TvP_4hESCuI,Drew Loughnane for Callahan 2025,Drew Loughnane   ,2025,D1,3081.0,MacArthur Park - Monk Higgins|tv off - Kendrick Lamar|Change Me - BigXthaPlug
TwKAdxr7NMM,https://www.youtube.com/watch?v=TwKAdxr7NMM,Shiru Liu Callahan 2017,Shiru Liu  ,2017,D1,7471.0,no songs found
U3lUKdAdCJI,https://www.youtube.com/watch?v=U3lUKdAdCJI,Hunter Levis - Callahan 2016,Hunter Levis -  ,2016,D1,5511.0,no songs found
U6cCDbETsiM,https://www.youtube.com/watch?v=U6cCDbETsiM,Andrew Roca for 2010 Callahan,Andrew Roca  2010 ,unknown,D1,4999.0,no songs found
UCdgF2uhNdA,https://www.youtube.com/watch?v=UCdgF2uhNdA,"Catherine ""Tonic"" Paulson for Callahan 2018","Catherine ""Tonic"" Paulson   ",2018,D1,778.0,no songs found
UD6v77fDGVU,https://www.youtube.com/watch?v=UD6v77fDGVU,Kai Marshall for Callahan 2016,Kai Marshall   ,2016,D1,11966.0,Song: Short Change Hero - The Heavy
UJ2uIpRi5OM,https://www.youtube.com/watch?v=UJ2uIpRi5OM,Helpful Corn Alys Shah for Callahan 2026,Helpful Corn Alys Shah   ,2026,D1,480.0,Mickey - Toni Basil|Backseat - Balu Brigada|Why - Dominic Fike
ULF_g1AKCtk,https://www.youtube.com/watch?v=ULF_g1AKCtk,Tyler Mackey for Callahan 2026,Tyler Mackey   ,2026,D1,1483.0,i - Kendrick Lamar|FAMJAM4000 - Jordan Ward
UMpv4eqQdWQ,https://www.youtube.com/watch?v=UMpv4eqQdWQ,Owen O'Neil for Callahan 2023,Owen O'Neil   ,2023,D1,3042.0,no songs found
UNNExATmyfE,https://www.youtube.com/watch?v=UNNExATmyfE,Jax for Donovan 2020,Jax   ,2020,D3,439.0,Sunday Candy - Donnie Trumpet & The Social Experiment
UNYYtEybTmE,https://www.youtube.com/watch?v=UNYYtEybTmE,Jeffrey Zhou Callahan 2024,Jeffrey Zhou  ,2024,D1,742.0,Unwritten - Natasha Bedingfield
UO33sX5YRzg,https://www.youtube.com/watch?v=UO33sX5YRzg,Mia Bladin for Callahan 2018,Mia Bladin   ,2018,D1,2691.0,no songs found
UbJSNOjTo9Q,https://www.youtube.com/watch?v=UbJSNOjTo9Q,"Annika ""Sid"" Wolberg for Donovan 2025 — Wellesley Whiptails","Annika ""Sid"" Wolberg    — Wellesley Whiptails",2025,D3,647.0,I'm Shipping Up To Boston - Dropkick Murphys|Tell Me Ma - Sham Rock
UcpPyeBS8r0,https://www.youtube.com/watch?v=UcpPyeBS8r0,Lanie O'Neill Donovan 2025,Lanie O'Neill  ,2025,D3,498.0,The Show Goes On - Lupe Fiasco
Ud0JsfOEYqo,https://www.youtube.com/watch?v=Ud0JsfOEYqo,"Stefan ""DENT"" Samu for Callahan 2021","Stefan ""DENT"" Samu   ",2021,D1,842.0,Get Ugly - Jason Derulo|Thrift Shop (feat. Wanz) - Macklemore & Ryan Lewis
Umnx9W-K494,https://www.youtube.com/watch?v=Umnx9W-K494,"SUNY Oneonta SOFA's Matt ""Cardinal"" Eicher for Donovan 2018","SUNY Oneonta SOFA's Matt ""Cardinal"" Eicher   ",2018,D3,458.0,no songs found
UmuKeljk0Kc,https://www.youtube.com/watch?v=UmuKeljk0Kc,Eric Harnisher for Donovan 2026,Eric Harnisher   ,2026,D3,1492.0,Trial (Prod. by Cashmoney AP) - Cashmoney AP
UnSXCR9DoQ4,https://www.youtube.com/watch?v=UnSXCR9DoQ4,John Randolph Callahan 2022,John Randolph  ,2022,D1,106184.0,Tokyo Drifting - Glass Animals
UnW72-7CT5Q,https://www.youtube.com/watch?v=UnW72-7CT5Q,Stout For Callahan 2008,Stout   2008,unknown,D1,14198.0,no songs found
UpRYn8pOqWU,https://www.youtube.com/watch?v=UpRYn8pOqWU,ADAM VELK FOR CALLAHAN 2013,ADAM VELK FOR CALLAHAN ,2013,D1,12105.0,"song ""Chase"" belongs to Giorgio Moroder. I do not own the rights.

If you would like to get in touch with THE Hartford Lighthouse, email us at uhaultimate@gmail.com"
UupDHbROi5g,https://www.youtube.com/watch?v=UupDHbROi5g,IHUC 2025 Callahan - Oliver Bostian,IHUC   - Oliver Bostian,2025,D1,461.0,Generic - MAKJ|Flash Mountain - Djo
V3maqu0WIhI,https://www.youtube.com/watch?v=V3maqu0WIhI,Malia Brooks - Callahan 2025,Malia Brooks -  ,2025,D1,1282.0,"I THINK - Tyler, The Creator|Vroom Vroom - Charli xcx|Sally, When The Wine Runs Out - ROLE MODEL"
V7UJ1sjC5bo,https://www.youtube.com/watch?v=V7UJ1sjC5bo,Zoe Costanza for Donovan 2025,Zoe Costanza   ,2025,D3,1778.0,no songs found
VF3XnBDD_Uw,https://www.youtube.com/watch?v=VF3XnBDD_Uw,Dylan Smith for Callahan 2020,Dylan Smith   ,2020,D1,1527.0,"What's Up Danger - Blackway, Black Caviar"
VIXvqDl-pYc,https://www.youtube.com/watch?v=VIXvqDl-pYc,Scott Heyman Callahan 2024,Scott Heyman  ,2024,D1,7825.0,Runaway (U & I) - Galantis
VImrDCqQ5zM,https://www.youtube.com/watch?v=VImrDCqQ5zM,Stella Callahan 2022,Stella  ,2022,D1,400.0,Tokyo Drifting - Glass Animals
VMH6m4tSWjc,https://www.youtube.com/watch?v=VMH6m4tSWjc,Blake Galloway for Callahan,Blake Galloway  ,unknown,D1,12072.0,"Song: Disclosure - You & Me (Flume Remix)
Narrator: Keegan-Michael Key

Edited by Ryan Landry"
VQCo9F8j1hA,https://www.youtube.com/watch?v=VQCo9F8j1hA,Jakob de Swaan Arons for Donovan 2026,Jakob de Swaan Arons   ,2026,D3,522.0,Pure Water - Mustard
VROdX2iLoFI,https://www.youtube.com/watch?v=VROdX2iLoFI,Justin Keller for Donovan Part I,Justin Keller   Part I,unknown,D3,380.0,no songs found
VS1Ff10yxZY,https://www.youtube.com/watch?v=VS1Ff10yxZY,Zhi Chen for Callahan 2017,Zhi Chen   ,2017,D1,5339.0,"Music: Champion (Album Version (Explicit)) - Kanye West 
UMG On behalf of: Mercury"
VXP3Zke-oVk,https://www.youtube.com/watch?v=VXP3Zke-oVk,Carly Atwell | Callahan 2025,Carly Atwell   ,2025,D1,753.0,Jenny from the Block (Bronx Remix - Edit) - Jennifer Lopez|LIKE A PUNK - Joey Valence & Brae
VhpAJ0DHNOU,https://www.youtube.com/watch?v=VhpAJ0DHNOU,Part II: Mark Vandenberg for Callahan,Part II Mark Vandenberg  ,unknown,D1,13348.0,"Music: Shine Blockas - Big Boi ft. Gucci Mane.

Edited by Ty Aderhold."
VhyhaASRWHs,https://www.youtube.com/watch?v=VhyhaASRWHs,Loic Billaut Callahan 2026,Loic Billaut  ,2026,D1,2582.0,(I Can't Get No) Satisfaction (Mono) - The Rolling Stones
Vk0BBw_10as,https://www.youtube.com/watch?v=Vk0BBw_10as,Cameron Young - Callahan 2019,Cameron Young -  ,2019,D1,4733.0,"Song: ""Good Times Roll"" by GRiZ & Big Gigantic
Edited by Cameron Young"
VsM8fRTzK_k,https://www.youtube.com/watch?v=VsM8fRTzK_k,"Sam ""Books"" Goertzen for Donovan","Sam ""Books"" Goertzen  ",unknown,D3,255.0,no songs found
VyRFo1MSS5Y,https://www.youtube.com/watch?v=VyRFo1MSS5Y,"Sarah ""Bloomie"" Bloomgarden for Donovan 2020","Sarah ""Bloomie"" Bloomgarden   ",2020,D3,389.0,no songs found
W4mf7EQbxe8,https://www.youtube.com/watch?v=W4mf7EQbxe8,Brandon Bass for Donovan 2026,Brandon Bass   ,2026,D3,651.0,In Between Days - Ben Folds
WBF2jMSuZwE,https://www.youtube.com/watch?v=WBF2jMSuZwE,2017 College Championships Women's Callahan, College Championships Women's ,2017,D1,399.0,no songs found
WCJYz-xIDFs,https://www.youtube.com/watch?v=WCJYz-xIDFs,"Liv ""GOAT"" Myers for Donovan 2025","Liv ""GOAT"" Myers   ",2025,D3,335.0,Dark Horse - Katy Perry
WGbyokgbjhs,https://www.youtube.com/watch?v=WGbyokgbjhs,Emma Massey for Callahan 2020,Emma Massey   ,2020,D1,1272.0,Water Me - Lizzo
WICrZ7pnH_Q,https://www.youtube.com/watch?v=WICrZ7pnH_Q,Ezra Rich Callahan 2024,Ezra Rich  ,2024,D1,402.0,Love Me Again - John Newman
WLAYb_AavMU,https://www.youtube.com/watch?v=WLAYb_AavMU,"Riley ""El Diablo"" Kirkman-Davis Callahan 2024 | Directors Cut","Riley ""El Diablo"" Kirkman-Davis    Directors Cut",2024,D1,1296.0,Liar - Camila Cabello|the end - MisterWives|SUPERBLOOM - MisterWives
WLIgo6BF2ew,https://www.youtube.com/watch?v=WLIgo6BF2ew,Max Pettenuzzo For Callahan 2024,Max Pettenuzzo   ,2024,D1,2214.0,"Love Me Again - John Newman|thought i was playing - Gunna, 21 Savage"
WS0QlRtDrkE,https://www.youtube.com/watch?v=WS0QlRtDrkE,Poppy Wagner for Callahan 2026,Poppy Wagner   ,2026,D1,1055.0,강남스타일(Gangnam Style) - PSY
WTRe8lYrapk,https://www.youtube.com/watch?v=WTRe8lYrapk,Bambi For Callahan 2019,Bambi   ,2019,D1,1493.0,no songs found
WTV-02zAx1Y,https://www.youtube.com/watch?v=WTV-02zAx1Y,Terrence Mitchell For Callahan,Terrence Mitchell  ,unknown,D1,8320.0,Music is MAc Miller- Loud and /chiddy Bang- Opposite of Adults
WjSrskqlGyw,https://www.youtube.com/watch?v=WjSrskqlGyw,Julia Lober for Callahan 2022,Julia Lober   ,2022,D1,1022.0,I Like That - Janelle Monáe|JEWELZ - Anderson .Paak
WrqlqM5zJYU,https://www.youtube.com/watch?v=WrqlqM5zJYU,Callahan Nomination 2020- India Hilty, Nomination - India Hilty,2020,D1,442.0,Tightrope - Janelle Monáe
WvO8CQYZ2C8,https://www.youtube.com/watch?v=WvO8CQYZ2C8,Kaizen Conroy for Donovan/Callahan/POTY 2021,Kaizen Conroy  //POTY ,2021,D3,2162.0,no songs found
WyorjWeCXus,https://www.youtube.com/watch?v=WyorjWeCXus,WWU's Maddie Gilbert for Callahan 2018,WWU's Maddie Gilbert   ,2018,D1,1215.0,"Song: I Like It - Cardi B
Special thanks to Ultiworld, Ultiphotos, Hallie's Dad, Fulcrum Media, WFDF and NKolakovic Ulti"
X1bIqZPa1tA,https://www.youtube.com/watch?v=X1bIqZPa1tA,Justin Burnett | Callahan 2023 | TEASER,Justin Burnett     TEASER,2023,D1,4867.0,no songs found
X43W_i4ZfnQ,https://www.youtube.com/watch?v=X43W_i4ZfnQ,Dillard for Callahan 2018,Dillard   ,2018,D1,6085.0,"Song: Confident by Demi Lovato

Michael Dillard:
2015 All-Freshmen
2016 All-Region
2017 All-Region
U24 Tryout
2018 Emen captain
2018 Fun captain
2018 Ultiworld Player of the Year (Featherweight class)
Pulls 45.1% of his pulls inbounds (highest in Men's division)
313 Solos wins
2016 - 2017 Pound for pound strongest Eman 
3x Flong championships runner up"
X6abIeZ-aXI,https://www.youtube.com/watch?v=X6abIeZ-aXI,Chris Zuo for Callahan 2024 | Georgia Tech Tribe,Chris Zuo     Georgia Tech Tribe,2024,D1,2663.0,Hallucinate - Dua Lipa
X8UZ1DSmqQs,https://www.youtube.com/watch?v=X8UZ1DSmqQs,Soju Hokari Callahan 2025,Soju Hokari  ,2025,D1,1421.0,"THE LINDA MARTELL SHOW - Beyoncé, Linda Martell|YA YA - Beyoncé"
XOGWQw-rlJ8,https://www.youtube.com/watch?v=XOGWQw-rlJ8,"Matt ""ET"" McDonough - Donovan 2025","Matt ""ET"" McDonough -  ",2025,D3,277.0,I Ain't No Joke - Eric B. & Rakim|The Middle - Jimmy Eat World
XQlt4bSmFdg,https://www.youtube.com/watch?v=XQlt4bSmFdg,William Hines Callahan 2026,William Hines  ,2026,D1,558.0,FATHER - Kanye West
XTRc-cRQHKE,https://www.youtube.com/watch?v=XTRc-cRQHKE,Maggie Brown Donovan Nomination,Maggie Brown  Nomination,unknown,D3,2476.0,Nosebleeds - Doechii
XYOLV3zWjqI,https://www.youtube.com/watch?v=XYOLV3zWjqI,Chase Cunningham - Callahan 2015,Chase Cunningham -  ,2015,D1,7755.0,no songs found
Xe2WIHQkRyk,https://www.youtube.com/watch?v=Xe2WIHQkRyk,John Clyde for Callahan 2024,John Clyde   ,2024,D1,7488.0,By Your Side - Calvin Harris|Ready or Not - Bridgit Mendler
XgvNv-51NMo,https://www.youtube.com/watch?v=XgvNv-51NMo,Liam O'Connor for Donovan 2021,Liam O'Connor   ,2021,D3,414.0,Paper Planes (Afrikan Boy & Rye Rye Remix) - M.I.A.
XqAJtFXu0go,https://www.youtube.com/watch?v=XqAJtFXu0go,Jonny Bridges | Callahan 2018,Jonny Bridges   ,2018,D1,2174.0,"Song: Guap - Big Sean

Video By: Jacob Mumme







Other ASU Games: 

ASU vs Michigan (Florida Warm-Up 2018) - https://www.youtube.com/watch?v=HegleMdcLB8

ASU vs Oklahoma (Florida Warm-Up 2018) - https://www.youtube.com/watch?v=YZQdpIfJ8po

ASU vs Texas A&M (Florida Warm-Up 2018) - https://www.youtube.com/watch?v=SgZ_Fxfw4FI&t=1s

ASU vs NAU (Sectionals 2017) - https://www.youtube.com/watch?v=F37qMvILtQA

ASU vs Cincinatti (Santa Barbara Invitational 2017) - https://www.youtube.com/watch?v=sABRLxkRh28&t=5s

ASU vs Colorado State (Santa Barbara Invitational 2017) - https://www.youtube.com/watch?v=3pl_L9jAvmU

ASU vs Auburn (Florida Warm-Up 2016) - https://www.youtube.com/watch?v=l45HbkZLK6c"
XqN2jDOUE1Q,https://www.youtube.com/watch?v=XqN2jDOUE1Q,Julia Kwasnick Callahan 2018 pt. 1,Julia Kwasnick   pt. 1,2018,D1,3709.0,no songs found
Xw7HaaA-7ks,https://www.youtube.com/watch?v=Xw7HaaA-7ks,Hunter Lang for Donovan,Hunter Lang  ,unknown,D3,1177.0,Everytime We Touch - Cascada
Y12NIiG47D8,https://www.youtube.com/watch?v=Y12NIiG47D8,UCLA's Kristen Pojunis - Callahan 2016,UCLA's Kristen Pojunis -  ,2016,D1,8404.0,Pass That Dutch - Missy Elliott
Y4xCEggcRX4,https://www.youtube.com/watch?v=Y4xCEggcRX4,Mario Ambrose for Callahan,Mario Ambrose  ,unknown,D1,4625.0,California Dreamin' (Mono Version) - The Mamas & the Papas|Up Around The Bend - Creedence Clearwater Revival|Moonlight Sonata - 1st Movement (Beethoven) - Rousseau|The Next Episode - Dr. Dre
YFP9ElmMIoI,https://www.youtube.com/watch?v=YFP9ElmMIoI,Hudson DeGroff - Callahan 2026,Hudson DeGroff -  ,2026,D1,1114.0,Space Cadet - Metro Boomin|On Time (Instrumental) - Metro Boomin|Superhero (Heroes & Villains) - Metro Boomin
YGeX8I-t1m8,https://www.youtube.com/watch?v=YGeX8I-t1m8,Alika Johnston for Callahan 2015,Alika Johnston   ,2015,D1,16757.0,no songs found
YGzkOtzHl1M,https://www.youtube.com/watch?v=YGzkOtzHl1M,"Jackelyne ""Kobe"" Nguyen for Callahan 2018","Jackelyne ""Kobe"" Nguyen   ",2018,D1,29630.0,Legend (Stripped) - The Score
YJw0JlTLn0E,https://www.youtube.com/watch?v=YJw0JlTLn0E,Domenica Sutherland Callahan 2019,Domenica Sutherland  ,2019,D1,3589.0,"Song- Daddy Lessons by Beyoncé & Dixie Chicks

Edited by Carolina Bayón"
YN89NqsDI9U,https://www.youtube.com/watch?v=YN89NqsDI9U,#aMEIzing - Mei Bruist for Callahan 2016,#aMEIzing - Mei Bruist   ,2016,D1,2279.0,no songs found
YR4KdwKbazQ,https://www.youtube.com/watch?v=YR4KdwKbazQ,Elliot Davis - Callahan 2026,Elliot Davis -  ,2026,D1,417.0,Safari Song - Greta Van Fleet|Alrighty Aphrodite - Peach Pit
YaM-zxf9abY,https://www.youtube.com/watch?v=YaM-zxf9abY,Evan Bembenista Callahan 2026,Evan Bembenista  ,2026,D1,820.0,My Songs Know What You Did In The Dark (Light Em Up) - Fall Out Boy|crushcrushcrush - Paramore
YbbT6c58cn8,https://www.youtube.com/watch?v=YbbT6c58cn8,Patrick Kelly Callahan Video,Patrick Kelly  Video,unknown,D1,621.0,Wins & Losses - Meek Mill
Ycp3dKDVAl0,https://www.youtube.com/watch?v=Ycp3dKDVAl0,UNC Darkside 2013 Callahan Nominee | Tristan Green,UNC Darkside     Tristan Green,2013,D1,11421.0,no songs found
YeiqHFXveYo,https://www.youtube.com/watch?v=YeiqHFXveYo,"Ultimate Frisbee: Adam ""Chicken"" Simon for Callahan 2006","Ultimate Frisbee Adam ""Chicken"" Simon   2006",unknown,D1,2349.0,no songs found
YiqB26zw9eg,https://www.youtube.com/watch?v=YiqB26zw9eg,John Stubbs for Callahan,John Stubbs  ,unknown,D1,28204.0,no songs found
YoEw4K8HFxg,https://www.youtube.com/watch?v=YoEw4K8HFxg,Spencer Cobb for Donovan 2018,Spencer Cobb   ,2018,D3,1164.0,no songs found
YpCVCxAYhYY,https://www.youtube.com/watch?v=YpCVCxAYhYY,Annë Rempel | Callahan 2016,Annë Rempel   ,2016,D1,2307.0,no songs found
YuH5F5EjDFE,https://www.youtube.com/watch?v=YuH5F5EjDFE,Brandon Lamberty Callahan Video,Brandon Lamberty  Video,unknown,D1,1025.0,no songs found
Yw2PU4sFfwg,https://www.youtube.com/watch?v=Yw2PU4sFfwg,Michael Lee for Callahan 2021,Michael Lee   ,2021,D1,5610.0,I'm Alright (feat. R.LUM.R) - Brasstracks
YyL-Hyh2LYQ,https://www.youtube.com/watch?v=YyL-Hyh2LYQ,Eva Petzinger for Callahan 2015,Eva Petzinger   ,2015,D1,1892.0,no songs found
YzNMDIascaY,https://www.youtube.com/watch?v=YzNMDIascaY,Kailey Rugani for Callahan 2026,Kailey Rugani   ,2026,D1,253.0,Circus - Britney Spears
ZBK2aFoiFxo,https://www.youtube.com/watch?v=ZBK2aFoiFxo,Raymond Lu for Callahan 2021,Raymond Lu   ,2021,D1,10254.0,High Hopes - Panic! At The Disco
ZDgLch00AME,https://www.youtube.com/watch?v=ZDgLch00AME,Ian Stone - Callahan 2026,Ian Stone -  ,2026,D1,758.0,I Get the Bag (feat. Migos) - Gucci Mane|Phoenix - Marshmello
ZGC44WtVCzg,https://www.youtube.com/watch?v=ZGC44WtVCzg,Bella Donna's Courtney Kiesow for Callahan 2008,Bella Donna's Courtney Kiesow   2008,unknown,D1,2627.0,no songs found
ZGNtFfg2cwU,https://www.youtube.com/watch?v=ZGNtFfg2cwU,Michael Becker for Callahan 2020,Michael Becker   ,2020,D1,813.0,Dancing In the Moonlight - King Harvest
ZHJp_WYClig,https://www.youtube.com/watch?v=ZHJp_WYClig,"Betsy ""Goat"" Siegal for Callahan 2024","Betsy ""Goat"" Siegal   ",2024,D1,460.0,"Run Away With Me - Carly Rae Jepsen|Dark Horse - Katy Perry|Millionaire - Kelis, André 3000"
ZHYJeas8cIQ,https://www.youtube.com/watch?v=ZHYJeas8cIQ,Miles Grovic - Callahan 2026,Miles Grovic -  ,2026,D1,14638.0,No Talk - River Tiber|SO WHAT - Yeat|All We Need - Raury
ZQF-vbLb-iA,https://www.youtube.com/watch?v=ZQF-vbLb-iA,Savanna Tucker Callahan 2025,Savanna Tucker  ,2025,D1,2455.0,Telephone - Lady Gaga
ZQdwh0e6fUc,,,,,,,Favorite Song - Chance The Rapper|GUD VIBRATIONS - NGHTMRE
ZW87Fuyno68,https://www.youtube.com/watch?v=ZW87Fuyno68,VCU's Matthew Taleghani for Callahan,VCU's Matthew Taleghani  ,unknown,D1,468.0,Rasputin - Boney M
ZXkg2nTvT0M,https://www.youtube.com/watch?v=ZXkg2nTvT0M,UNH's Rocco Linehan for Callahan 2019,UNH's Rocco Linehan   ,2019,D1,2603.0,no songs found
ZZjb7oCsumI,https://www.youtube.com/watch?v=ZZjb7oCsumI,Tamar Austin | Donovan 2018,Tamar Austin   ,2018,D3,1436.0,SONGS PLEASE DONT TAKE THIS DOWN YOUTUBE
ZaZZzIgLEkQ,https://www.youtube.com/watch?v=ZaZZzIgLEkQ,Jeremy Norden For Callahan 2012,Jeremy Norden   ,2012,D1,8162.0,Song: Kobe Doin Work by Lil Wayne
ZeFyGx3601M,https://www.youtube.com/watch?v=ZeFyGx3601M,Matthew Cook Callahan 2020,Matthew Cook  ,2020,D1,3560.0,Something For Your M.I.N.D. - Superorganism
ZgUkdCDe1WY,https://www.youtube.com/watch?v=ZgUkdCDe1WY,Presten Berg for Donovan 2026,Presten Berg   ,2026,D3,469.0,no songs found
ZkFarnrMClk,https://www.youtube.com/watch?v=ZkFarnrMClk,"Patrick ""Patty"" Vorathiankul Callahan 2026","Patrick ""Patty"" Vorathiankul  ",2026,D1,821.0,Backseat - Balu Brigada|Patty Cake - Kodak Black
ZkGxE5MVRTc,https://www.youtube.com/watch?v=ZkGxE5MVRTc,Vincent Zhong | Callahan 2025,Vincent Zhong   ,2025,D1,2148.0,"大展鴻圖 - 揽佬SKAI ISYOURGOD, AR劉夫陽|Nice For What - Drake"
Zl9qDHXuyfc,https://www.youtube.com/watch?v=Zl9qDHXuyfc,Anders Berglund Callahan 2015,Anders Berglund  ,2015,D1,8163.0,no songs found
ZvahRpL6vJo,https://www.youtube.com/watch?v=ZvahRpL6vJo,Brett Hulsmeyer Callahan 2020,Brett Hulsmeyer  ,2020,D1,3296.0,Bang! (Remix) - AJR
ZxHtPxmpeio,https://www.youtube.com/watch?v=ZxHtPxmpeio,Stephanie Yen for Callahan 2022,Stephanie Yen   ,2022,D1,947.0,"Music: Buzzin - Mann,  Unstoppable - Sia"
ZzLuvLM0UHg,https://www.youtube.com/watch?v=ZzLuvLM0UHg,Bridget Mizener for Callahan 2021,Bridget Mizener   ,2021,D1,15665.0,Take A Slice - Glass Animals|Genius - LSD
_5uQRlIVFlM,https://www.youtube.com/watch?v=_5uQRlIVFlM,"Alex ""Dante"" Diaz | Callahan 2021 Nominee","Alex ""Dante"" Diaz    ",2021,D1,2336.0,"Run It - DJ Snake, Rick Ross, Rich Brian|Up - Cardi B"
_HsVpxSl_60,https://www.youtube.com/watch?v=_HsVpxSl_60,NEO | Esther Filipek Callahan 2026,NEO  Esther Filipek  ,2026,D1,3193.0,777 - Bruno Mars|Blitzkrieg Bop (Live at the Roxy) - Ramones
_SZbLd9IZXA,https://www.youtube.com/watch?v=_SZbLd9IZXA,Christian Boxley for Callahan 2018,Christian Boxley   ,2018,D1,29475.0,"Music:
ODESZA - “Line of Sight (feat. WYNNE and Mansionair)”
ODESZA - ""IPlayYouListen""

http://odesza.com
http://odesza.co/facebook
http://odesza.co/twitter
http://odesza.co/instagram
http://odesza.co/soundcloud"
_WKd26shGrw,https://www.youtube.com/watch?v=_WKd26shGrw,April Lu for Callahan 2025,April Lu   ,2025,D1,637.0,no songs found
_XzeHAlMUGE,https://www.youtube.com/watch?v=_XzeHAlMUGE,Kushal Khangaonkar for 2024 Callahan,Kushal Khangaonkar   ,2024,D1,7917.0,"Satisfaction (Hardwell & Maddix Remix) - David Guetta, Benny Benassi|Calabria 2007 (Radio Edit) - Enur"
__H6zZ_9pTE,https://www.youtube.com/watch?v=__H6zZ_9pTE,Pete Isler Donovan 2020 | High Point University Bagheera,Pete Isler    High Point University Bagheera,2020,D3,752.0,Chillin - Wale
_h71EaKBjaQ,https://www.youtube.com/watch?v=_h71EaKBjaQ,Felix Moren Callahan 2025,Felix Moren  ,2025,D1,2432.0,"Stay Fly - Young Buck, 8Ball & MJG|Island In The Sun - Weezer"
_iNsgs-kOP0,https://www.youtube.com/watch?v=_iNsgs-kOP0,Matt LaBar | 2024 Callahan,Matt LaBar   ,2024,D1,3659.0,HYAENA - Travis Scott
_rcZx391a8o,https://www.youtube.com/watch?v=_rcZx391a8o,"Theo ""Topaz"" Barton for Donovan 2026","Theo ""Topaz"" Barton   ",2026,D3,471.0,Keep it Simple Stupid - The Gaslamp Killer|Basketball (Re-Recorded) - Kurtis Blow
_x-9rcuQvWY,https://www.youtube.com/watch?v=_x-9rcuQvWY,Sara Liang for Callahan 2023 (Teaser),Sara Liang    (Teaser),2023,D1,647.0,Song Credit: The King by Sarah Kinsley
a2QIiZbdQT4,https://www.youtube.com/watch?v=a2QIiZbdQT4,Emily Lander- Callahan 2015,Emily Lander-  ,2015,D1,1303.0,no songs found
a6flcNCj2YU,https://www.youtube.com/watch?v=a6flcNCj2YU,Grayson Smith Callahan 2025,Grayson Smith  ,2025,D1,3683.0,Otis - JAŸ-Z|Waves - Kanye West
aCIUXM5buJI,https://www.youtube.com/watch?v=aCIUXM5buJI,Auburn Aetos: Ryan Landry - Callahan Nominee,Auburn Aetos Ryan Landry -  ,unknown,D1,23984.0,no songs found
aExprTsZO4k,https://www.youtube.com/watch?v=aExprTsZO4k,Shayna Brock Callahan,Shayna Brock ,unknown,D1,5259.0,no songs found
aH8fNmo3jXk,https://www.youtube.com/watch?v=aH8fNmo3jXk,Camden Perkins Donovan 2025,Camden Perkins  ,2025,D3,809.0,Dark Thoughts - Lil Tecca
aK0La40PMHs,https://www.youtube.com/watch?v=aK0La40PMHs,Brooke Nishida Callahan 2025,Brooke Nishida  ,2025,D1,3901.0,Love Letter (feat. The Knocks) - ODESZA
aRtdFPh2etY,https://www.youtube.com/watch?v=aRtdFPh2etY,Luke Smith | Callahan 2024,Luke Smith   ,2024,D1,1744.0,Take Me Out - Franz Ferdinand
aa46f6qs0pI,https://www.youtube.com/watch?v=aa46f6qs0pI,Ellie Cloe for Callahan 2025,Ellie Cloe   ,2025,D1,792.0,Fly Away - Lenny Kravitz|Come Out and Play (2008 Remaster) - The Offspring
aae9a2X1fxo,https://www.youtube.com/watch?v=aae9a2X1fxo,Rhys Bergeron for Callahan 2018,Rhys Bergeron   ,2018,D1,10749.0,"Songs used in this video:
The Four Tops - Are You Man Enough
Daler Mehndi - Tunak Tunak Tun"
ab7nzbOiK5M,https://www.youtube.com/watch?v=ab7nzbOiK5M,Evan Hurley: Callahan 2015,Evan Hurley  ,2015,D1,608.0,no songs found
ah8Q3QcP_EI,https://www.youtube.com/watch?v=ah8Q3QcP_EI,Sam Goldstein Callahan 2022,Sam Goldstein  ,2022,D1,1126.0,Praise You - Fatboy Slim
amLP0th0TN0,https://www.youtube.com/watch?v=amLP0th0TN0,Chloe De Campos for Callahan 2024,Chloe De Campos   ,2024,D1,549.0,Big Boy - Payday
azTc_r8fpM4,https://www.youtube.com/watch?v=azTc_r8fpM4,"""Toucan"" Sam Gabrielson Callahan 2018","""Toucan"" Sam Gabrielson  ",2018,D1,2118.0,"Song credit: ""The Man"" by The Killers"
azjWtB43NUY,https://www.youtube.com/watch?v=azjWtB43NUY,CO!,CO!,unknown,D1,2620.0,no songs found
b1Az_ckzpYc,https://www.youtube.com/watch?v=b1Az_ckzpYc,GRAHAM CUNNINGHAM I OSU Fever Callahan Nomination 2024,GRAHAM CUNNINGHAM I OSU Fever  Nomination ,2024,D1,1053.0,Yeah! (Instrumental) - Usher
b5FSQNpoNpw,https://www.youtube.com/watch?v=b5FSQNpoNpw,UCF 2024 Callahan Nominee: Cameron Genest,UCF    Cameron Genest,2024,D1,445.0,greedy (Alok remix) - Tate McRae
b6wsFe9jefo,https://www.youtube.com/watch?v=b6wsFe9jefo,Sara Gnolek for Callahan,Sara Gnolek  ,unknown,D1,789.0,Goodbye To A World - Porter Robinson
b7s3Vm9FULo,https://www.youtube.com/watch?v=b7s3Vm9FULo,Monica O'Brien Saez - Callahan 2025,Monica O'Brien Saez -  ,2025,D1,1093.0,Back On My BS - BigXthaPlug|I've Been In Love - Jungle
b801h8Tub4M,https://www.youtube.com/watch?v=b801h8Tub4M,Calvin Ciorba for Donovan 2025,Calvin Ciorba   ,2025,D3,3176.0,Dreams (Spanish Mix (2026)) - The Cranberries|Von dutch - Charli xcx
bCDMw0rGa_o,https://www.youtube.com/watch?v=bCDMw0rGa_o,Yonatan Rafael for Callahan 2014,Yonatan Rafael   ,2014,D1,1816.0,no songs found
bCInjtJq9FM,https://www.youtube.com/watch?v=bCInjtJq9FM,"Bryan ""The Chef"" Cloutier Callahan 2022","Bryan ""The Chef"" Cloutier  ",2022,D1,1755.0,She Looks So Perfect - 5 Seconds of Summer
bEuLXMXZnPI,https://www.youtube.com/watch?v=bEuLXMXZnPI,Tannor Johnson for Callahan 2019,Tannor Johnson   ,2019,D1,17740.0,Don't Stop Me Now - Queen
bOzFXBk2_lc,https://www.youtube.com/watch?v=bOzFXBk2_lc,Angelo Olcese for Callahan 2019,Angelo Olcese   ,2019,D1,2413.0,Song: Could Have Been Me by The Struts
bRLS5-TpLr4,https://www.youtube.com/watch?v=bRLS5-TpLr4,Evan Gorthy for Callahan 2026,Evan Gorthy   ,2026,D1,413.0,Fist Wrapped In Blood - Silverstein
bRUdeE8X5I4,https://www.youtube.com/watch?v=bRUdeE8X5I4,Gabe Schoepke | 2026 Callahan,Gabe Schoepke   ,2026,D1,1314.0,"trademark usa - Baby Keem|Somebody (2024) - Gotye, FISHER, Chris Lake"
bTTVbuiD2DM,https://www.youtube.com/watch?v=bTTVbuiD2DM,"Kirtan ""Q"" Patel for Callahan 2019: The Legend","Kirtan ""Q"" Patel    The Legend",2019,D1,23106.0,"Songs used:
Intro song: Daler Mehndi ""Tunak Tunak Tun""
https://www.youtube.com/watch?v=vTIIMJ9tUc8
Main song: Big Shaq ""Man's Not Hot""
https://www.youtube.com/watch?v=CX3BKKxYTYw
Outro song: Toto ""Africa""
https://www.youtube.com/watch?v=FTQbiNvZqaY

This video is strictly for comedic purposes
No copyright infringement was intended. 

Special Thanks List:
Ultiworld
Mark Hill
Ross Neuman
Aaraon Schuette
Kasden Williams
Jamie Eriksson
Gabe Hernandez


Follow us on Twitter here: https://twitter.com/UTD_Ultimate
Find us on Instagram here: https://instagram.com/utdultimate"
b_jnhGUrzQA,https://www.youtube.com/watch?v=b_jnhGUrzQA,Ethan Phillips - Callahan 2026,Ethan Phillips -  ,2026,D1,1488.0,Piece Of Your Heart (CYA Extended Remix) - MEDUZA|Thunderclouds (Lost Frequencies Remix) - LSD
be4tk7s3vJQ,https://www.youtube.com/watch?v=be4tk7s3vJQ,Ruari McEwan Callahan 2025,Ruari McEwan  ,2025,D1,1239.0,Long Time (Intro) - Playboi Carti|#CERTIFIED (DJ Ess Mixx) - BabyTron|24 Songs (Leak) - Playboi Carti
bgj_MAN7bTA,https://www.youtube.com/watch?v=bgj_MAN7bTA,Stephenie Wang // Callahan 2018,Stephenie Wang //  ,2018,D1,1367.0,"Music: ""Good Times"" -- Big Freedia & Ms. Tee
             ""Where My Queens At?""-- Big Freedia"
birMLBoCdUY,https://www.youtube.com/watch?v=birMLBoCdUY,Darkside 2019 Callahan Teaser,Darkside   Teaser,2019,D1,11504.0,no songs found
bmD-SI4b39Y,https://www.youtube.com/watch?v=bmD-SI4b39Y,Jasmine Childress for Callahan 2021,Jasmine Childress   ,2021,D1,8004.0,"Be Alive (Original Song from the Motion Picture ""King Richard"") - Beyoncé|INDUSTRY BABY (EXTENDED) - Lil Nas X"
bmsTOs2GaSQ,https://www.youtube.com/watch?v=bmsTOs2GaSQ,Justin Podnar - Callahan 2026,Justin Podnar -  ,2026,D1,9035.0,Beauty And A Beat - Justin Bieber|No Friends In The Industry - Drake|The Winner Takes It All - Abba
bnuTXu5cQQ8,https://www.youtube.com/watch?v=bnuTXu5cQQ8,JADE TURNER for Callahan 2023,JADE TURNER   ,2023,D1,320.0,no songs found
bojZRRaBOYw,https://www.youtube.com/watch?v=bojZRRaBOYw,Cameron Wariner Callahan 2017,Cameron Wariner  ,2017,D1,35266.0,no songs found
bvs0gXywXZM,https://www.youtube.com/watch?v=bvs0gXywXZM,Jens Martin for Donovan 2022,Jens Martin   ,2022,D3,270.0,Yes Sir - Chief Keef
byF-NcZud_E,https://www.youtube.com/watch?v=byF-NcZud_E,Eliav Malone | Callahan 2026,Eliav Malone   ,2026,D1,1723.0,First Person Shooter - Drake
byPb4cEPnUc,https://www.youtube.com/watch?v=byPb4cEPnUc,Ben Kass-Mullet Callahan 2024,Ben Kass-Mullet  ,2024,D1,1093.0,"Lover Boy 88 - 88rising, Phum Viphurit, Higher Brothers"
c1SFBmmgYNE,https://www.youtube.com/watch?v=c1SFBmmgYNE,Mei Bruist for Callahan 2015,Mei Bruist   ,2015,D1,1030.0,no songs found
c32G5h1p4Ww,,,,,,,Kickstart My Heart - Mötley Crüe|tv off - Kendrick Lamar
c5_GGxGZGv0,https://www.youtube.com/watch?v=c5_GGxGZGv0,Jordan Jeffery for Callahan 2012,Jordan Jeffery   ,2012,D1,7250.0,no songs found
cCIXGB9cHdM,https://www.youtube.com/watch?v=cCIXGB9cHdM,"Ben ""Nacho"" Rosenfeld for Donovan 2018","Ben ""Nacho"" Rosenfeld   ",2018,D3,3191.0,no songs found
cEhQI5eFdW8,https://www.youtube.com/watch?v=cEhQI5eFdW8,DP for Callahan,DP  ,unknown,D1,2842.0,no songs found
cJUt10g0J8o,https://www.youtube.com/watch?v=cJUt10g0J8o,Riah Newfont for Donovan Award 2022,Riah Newfont    ,2022,D3,170.0,Juice - Lizzo
cMeaMwHP_ts,https://www.youtube.com/watch?v=cMeaMwHP_ts,Lindsay McKenna for Callahan 2019,Lindsay McKenna   ,2019,D1,8050.0,"Music: 
GRiZ x Big Gigantic - Good Times Roll

Special thanks to Ultiworld for footage from College Championships and Stephen Crescenzo for ground and drone footage"
cR1kLDSkvrA,https://www.youtube.com/watch?v=cR1kLDSkvrA,Zach Marbach for Callahan 2017,Zach Marbach   ,2017,D1,2684.0,"Music: 
Money and Fame by NEEDTOBREATHE
Blessings by Lecrae ft. Ty Dolla $ign"
cSHrxWKMXlA,https://www.youtube.com/watch?v=cSHrxWKMXlA,Wesley Fransen for Donovan,Wesley Fransen  ,unknown,D3,683.0,24K Magic - Junta
cT1ZGJ_lWtw,https://www.youtube.com/watch?v=cT1ZGJ_lWtw,TJ (for) Callahan,TJ () ,unknown,D1,328.0,no songs found
cUAzPcqZL_Q,https://www.youtube.com/watch?v=cUAzPcqZL_Q,Kailyn Lowder - Callahan 2025,Kailyn Lowder -  ,2025,D1,2847.0,Buggin' Out - A Tribe Called Quest|Good Ones - Charli xcx
cUPmqWUlM0Q,https://www.youtube.com/watch?v=cUPmqWUlM0Q,Quincy Booth Callahan 2026,Quincy Booth  ,2026,D1,7004.0,"Tubthumping - Chumbawamba|The Largest - BigXthaPlug|Sugar On My Tongue - Tyler, The Creator"
cWBiPzPg8vg,https://www.youtube.com/watch?v=cWBiPzPg8vg,Maddie Pletzke for Callahan 2021,Maddie Pletzke   ,2021,D1,1096.0,Emergency - Icona Pop
ccTSyFtps0s,https://www.youtube.com/watch?v=ccTSyFtps0s,One Throw Ella: Ella Hansen for Callahan 2018,One Throw Ella Ella Hansen   ,2018,D1,26969.0,"Warriors - Too Many Zooz|Real Love - Clean Bandit, Jess Glynne"
cgUGpZ9DBt4,https://www.youtube.com/watch?v=cgUGpZ9DBt4,Oscar Kohut Callahan 2022,Oscar Kohut  ,2022,D1,3625.0,Rude Boy - Rihanna
ckMg23Rfd9w,https://www.youtube.com/watch?v=ckMg23Rfd9w,Timothy Mosher for Callahan 2025,Timothy Mosher   ,2025,D1,545.0,Magic (feat. Rivers Cuomo) - B.o.B
cleZEvg4Jzo,https://www.youtube.com/watch?v=cleZEvg4Jzo,Callahan - Callahan 2026, -  ,2026,D1,3329.0,Breakin' Dishes - Rihanna|The Largest - BigXthaPlug
cnIIpNCX3gw,https://www.youtube.com/watch?v=cnIIpNCX3gw,Christopher Heron Callahan 2026,Christopher Heron  ,2026,D1,832.0,I Want You Back (DJ LEAD Non Stop Version) - Jackson 5|Wildest Dreams (Taylor's Version) - Taylor Swift|Chameleon - Pnau
cpq4s4LaITc,https://www.youtube.com/watch?v=cpq4s4LaITc,Cole Chanler | Callahan 2025,Cole Chanler   ,2025,D1,7040.0,Rise and Shine - J. Cole|Kiss Kiss - Chris Brown feat. T-Pain
crY7VdNyuts,https://www.youtube.com/watch?v=crY7VdNyuts,"Jake ""Bowser"" Smith - Donovan 2022","Jake ""Bowser"" Smith -  ",2022,D3,245.0,Lost - Frank Ocean
cuVBLM5OO5c,https://www.youtube.com/watch?v=cuVBLM5OO5c,Colin Camp -- Callahan 2014,Colin Camp --  ,2014,D1,22480.0,no songs found
d7lv8athVaA,https://www.youtube.com/watch?v=d7lv8athVaA,Jolie Krebs | Callahan 2024,Jolie Krebs   ,2024,D1,14342.0,Disciples - Tame Impala|Cheating - John Newman
dCIL5qqK7Yo,https://www.youtube.com/watch?v=dCIL5qqK7Yo,Ryan Takayama Callahan 2018,Ryan Takayama  ,2018,D1,8659.0,"Songs: Aftergold by Big WIld, Tove Styrke
Its Raining Tacos by Parry Grip"
dKtpTJqJcUs,https://www.youtube.com/watch?v=dKtpTJqJcUs,Suhas Madiraju for Callahan 2024,Suhas Madiraju   ,2024,D1,9979.0,Brain Stew/Jaded (BBC Live Session) - Green Day
dR1FVBph2BE,https://www.youtube.com/watch?v=dR1FVBph2BE,Kweezy’s 2023 Donovan Nominee,Kweezy’s   ,2023,D3,141.0,no songs found
dUUaNQGqTR8,https://www.youtube.com/watch?v=dUUaNQGqTR8,Kevin Tien for Callahan 2021 Teaser,Kevin Tien    Teaser,2021,D1,774.0,Ali In The Jungle (Clean Radio Edit) - The Hours
dfq46YTjT8c,https://www.youtube.com/watch?v=dfq46YTjT8c,Linda Morse for Callahan 2017,Linda Morse   ,2017,D1,5727.0,no songs found
dfsJNBwuWSU,https://www.youtube.com/watch?v=dfsJNBwuWSU,Goodness Nwakudu - Callahan 2026,Goodness Nwakudu -  ,2026,D1,1439.0,"Be Alive (Original Song from the Motion Picture ""King Richard"") - Beyoncé|Diva - Beyoncé|7/11 - Beyoncé"
dnYP1uD36lc,https://www.youtube.com/watch?v=dnYP1uD36lc,Pam Donovan 2020,Pam  ,2020,D3,741.0,Powerful - Major Lazer
dpCEXj3cfHU,https://www.youtube.com/watch?v=dpCEXj3cfHU,UNC Darkside's Jonathan Nethercutt for Callahan 2015,UNC Darkside's Jonathan Nethercutt   ,2015,D1,86955.0,"Music - Game Of Thrones Theme (Noya Remix)

Edited by Ben Snell

Thanks to Ultiworld and ESPN for film
Thanks to Ultiphotos and Brian Whittier for pictures
Thanks to our sponsors DiscStore, Patagonia, and E.R.I.C."
dxlOpl_Z2Hk,https://www.youtube.com/watch?v=dxlOpl_Z2Hk,"Devin ""Scooter"" Allard Neptune Callahan 2026","Devin ""Scooter"" Allard Neptune  ",2026,D1,548.0,CRANK - Slayyyter|Von dutch - Charli xcx
dyKXDVvAQq4,https://www.youtube.com/watch?v=dyKXDVvAQq4,Peter Kotz Callahan 2026,Peter Kotz  ,2026,D1,2483.0,Lose My Mind (feat. Doja Cat) - Don Toliver|Talk That Talk (Album Version) - Rihanna
e-o6gi915xg,https://www.youtube.com/watch?v=e-o6gi915xg,Levi Tapper for Callahan 2025,Levi Tapper   ,2025,D1,7429.0,Wasted - Tiësto
e1hsyHiupd4,https://www.youtube.com/watch?v=e1hsyHiupd4,Chris LaRocque Callahan 2014,Chris LaRocque  ,2014,D1,11123.0,music.
e2L0csWbIzI,https://www.youtube.com/watch?v=e2L0csWbIzI,Noah Chambers 2021 Callahan,Noah Chambers  ,2021,D1,1966.0,Fool - Fitz and The Tantrums
e3-V_w4_2fg,https://www.youtube.com/watch?v=e3-V_w4_2fg,Ben Chiu (#10) for Callahan 2018,Ben Chiu (#10)   ,2018,D1,5695.0,no songs found
e3dAzXwXHOE,https://www.youtube.com/watch?v=e3dAzXwXHOE,Carson Mailler (Michigan) Callahan,Carson Mailler (Michigan) ,unknown,D1,578.0,no songs found
e3fFSUzpIs0,https://www.youtube.com/watch?v=e3fFSUzpIs0,Casey Daunt Phalen for Donovan 2020,Casey Daunt Phalen   ,2020,D3,361.0,"Good Times Roll - GRiZ, Big Gigantic"
e6yAygAuALI,https://www.youtube.com/watch?v=e6yAygAuALI,Julia Johnson Callahan 2017,Julia Johnson  ,2017,D1,3362.0,no songs found
e86BBk35pwM,https://www.youtube.com/watch?v=e86BBk35pwM,James Hill - Callahan 2025,James Hill -  ,2025,D1,971.0,Miss Alissa - Eagles Of Death Metal
e9F4U40-rIM,https://www.youtube.com/watch?v=e9F4U40-rIM,Jed Cohen for Callahan 2025,Jed Cohen   ,2025,D1,1637.0,In Your Eyes - The Weeknd
eBHRfR9y1AQ,https://www.youtube.com/watch?v=eBHRfR9y1AQ,Tarik Akyuz for Callahan 2017,Tarik Akyuz   ,2017,D1,5788.0,no songs found
eE2l9yu8de4,https://www.youtube.com/watch?v=eE2l9yu8de4,Gabe Jagt - 2026 Callahan Nominee,Gabe Jagt -   ,2026,D1,1862.0,Are You Gonna Be My Girl - Jet
eEl8yhKbEcs,https://www.youtube.com/watch?v=eEl8yhKbEcs,Meg Zeng for Callahan 2026,Meg Zeng   ,2026,D1,531.0,Move - Saint Motel
eL4ME0jM-m0,https://www.youtube.com/watch?v=eL4ME0jM-m0,Jon Aycock Callahan 2016,Jon Aycock  ,2016,D1,2238.0,Music: PokeJam Theme Slam (Pokemon Theme vs Quad city DJs)
eW1bRzbAm_Y,https://www.youtube.com/watch?v=eW1bRzbAm_Y,Tiffany Bucher- Purdue Women's Callahan Award Nominee 2013,Tiffany Bucher- Purdue Women's    ,2013,D1,2358.0,no songs found
ea5vJQDDeRw,https://www.youtube.com/watch?v=ea5vJQDDeRw,Destin Newfont for Donovan 2020,Destin Newfont   ,2020,D3,933.0,"Lighting the Fuse - James Horner, Simon Franglen, James Horner & Simon Franglen|Can’t Be Touched - Roy Jones Jr."
ecLylkEqifE,https://www.youtube.com/watch?v=ecLylkEqifE,Penn State #21 Codi Wood for Callahan,Penn State #21 Codi Wood  ,unknown,D1,6593.0,Song Credits to Jai Paul: BTSU
egHFpQNJjuA,https://www.youtube.com/watch?v=egHFpQNJjuA,Miya Liang Donovan 2026,Miya Liang  ,2026,D3,1110.0,Do It - underscores|Dark Thoughts - Lil Tecca
eh1zPPTDhF8,https://www.youtube.com/watch?v=eh1zPPTDhF8,Maddie Wallace Donovan 2022,Maddie Wallace  ,2022,D3,217.0,Song - bbno$ & Rich Brian - edamame
el90RCOv2NY,https://www.youtube.com/watch?v=el90RCOv2NY,Micah Jo Callahan 2020,Micah Jo  ,2020,D1,7931.0,"music in this video.

Video created by Arthur Shim. Special thanks to Daniel Lee for his help."
en59Ed6RHT8,https://www.youtube.com/watch?v=en59Ed6RHT8,Chance Cochran Callahan 2018,Chance Cochran  ,2018,D1,7930.0,no songs found
epqgTlnydLQ,https://www.youtube.com/watch?v=epqgTlnydLQ,Harvard Red Line's Milan Ravenell for Callahan 2018,Harvard Red Line's Milan Ravenell   ,2018,D1,4565.0,no songs found
ew9QCVXK5Qw,https://www.youtube.com/watch?v=ew9QCVXK5Qw,Michigan Flywheel MADISON NIGHTINGALE for Callahan 2022,Michigan Flywheel MADISON NIGHTINGALE   ,2022,D1,780.0,Bottoms Up (feat. Nicki Minaj) - Trey Songz|BALENCIES - CHIKA|Kung Fu - YBN Cordae
f4k4UoifVAo,https://www.youtube.com/watch?v=f4k4UoifVAo,2017 Women's Callahan Winner: Angela Zhu, Women's  Winner Angela Zhu,2017,D1,5175.0,no songs found
f7it2q7RnUk,https://www.youtube.com/watch?v=f7it2q7RnUk,Cami Lamont for Callahan 2022 (FSUltimate),Cami Lamont    (FSUltimate),2022,D1,1125.0,INDUSTRY BABY (EXTENDED) - Lil Nas X
f8iswMkJIyM,https://www.youtube.com/watch?v=f8iswMkJIyM,Shellie Cohen: Callahan Nominee 2014,Shellie Cohen   ,2014,D1,4700.0,no songs found
f9LPGXFQcQs,https://www.youtube.com/watch?v=f9LPGXFQcQs,Callahan 2020: Megan Gordon,  Megan Gordon,2020,D1,1171.0,Thief - Ookay
fCAyPxAwdN4,https://www.youtube.com/watch?v=fCAyPxAwdN4,Jia Johnson Callahan 2026,Jia Johnson  ,2026,D1,389.0,Femininomenon - Chappell Roan
fCIokXPneu8,https://www.youtube.com/watch?v=fCIokXPneu8,Leo Kruse - Callahan 2026,Leo Kruse -  ,2026,D1,2100.0,Bang Bang (New Version) - K'naan
fC_zR-L6TPg,https://www.youtube.com/watch?v=fC_zR-L6TPg,Dena Elimelech (Chrome) For Callahan 2018,Dena Elimelech (Chrome)   ,2018,D1,9929.0,River - Bishop Briggs|Don't Stop Me Now - Queen
fCbeXqt_Rbg,https://www.youtube.com/watch?v=fCbeXqt_Rbg,UC San Diego Air Squids Nilesh Mukundan Callahan 2024,UC San Diego Air Squids Nilesh Mukundan  ,2024,D1,862.0,The Doofenshmirtz Beat - Ricky Desktop|Revolution (Stripped) - The Score
fDoWJPYYLY8,https://www.youtube.com/watch?v=fDoWJPYYLY8,Elsa Winslow for Callahan 2022,Elsa Winslow   ,2022,D1,1753.0,Big Boy - Payday
fG_u9EV4lJk,https://www.youtube.com/watch?v=fG_u9EV4lJk,Tyler Chan for Callahan 2015 #CallaCHAN,Tyler Chan    #CallaCHAN,2015,D1,8873.0,Jungle - X Ambassadors
fdEinX2ngU4,https://www.youtube.com/watch?v=fdEinX2ngU4,Mac Hecht Callahan 2019,Mac Hecht  ,2019,D1,83612.0,Jupiter And Oracle + Aboriginal Dogs - Alexandre Desplat|End Titles - Alexandre Desplat|Happy-13856 - Pharrell Williams
fiQRGeXs4EE,https://www.youtube.com/watch?v=fiQRGeXs4EE,James Kennelly for Callahan 2023,James Kennelly   ,2023,D1,4234.0,no songs found
fkr5_9wTBQ0,https://www.youtube.com/watch?v=fkr5_9wTBQ0,Oliver Kraft for Donovan 2023,Oliver Kraft   ,2023,D3,2653.0,"Still into You - Paramore|Playing with the Boys (From ""Top Gun"" Original Soundtrack) - Kenny Loggins"
fnRSNYnPw9w,https://www.youtube.com/watch?v=fnRSNYnPw9w,Thomas Griffin for Callahan 2023,Thomas Griffin   ,2023,D1,3284.0,no songs found
fouiZPQJsGs,https://www.youtube.com/watch?v=fouiZPQJsGs,"Bella ""Widow"" Steedly for Donovan 2024 — Wellesley Whiptails","Bella ""Widow"" Steedly    — Wellesley Whiptails",2024,D3,267.0,Rather Be (feat. Jess Glynne) - Clean Bandit
fovSr23oALM,https://www.youtube.com/watch?v=fovSr23oALM,Ben Dameron Callahan 2025,Ben Dameron  ,2025,D1,26876.0,B.O.B. (Bombs Over Baghdad) (Zack de la Rocha Remix) - Outkast
fowX961elGc,https://www.youtube.com/watch?v=fowX961elGc,Kyle Rutledge For Callahan 2019,Kyle Rutledge   ,2019,D1,3450.0,Song: Dance Yrslf Clean by LCD Soundsystem
fpV5XuxUWDM,https://www.youtube.com/watch?v=fpV5XuxUWDM,Leo Gordon Callahan 2023,Leo Gordon  ,2023,D1,31426.0,Can't Do Better - Kim Petras|S.L.U.T. - Bea Miller
fqBSUGY7oMg,https://www.youtube.com/watch?v=fqBSUGY7oMg,Matt Johnson For Callahan 2023,Matt Johnson   ,2023,D1,1655.0,I Ain't Worried (Slowed + Reverb) - OneRepublic
fsxrVEQI4Iw,https://www.youtube.com/watch?v=fsxrVEQI4Iw,Zeke Thoreson - Callahan 2026,Zeke Thoreson -  ,2026,D1,26542.0,Lights Burn Dimmer - Fred again..|Report Card - Soulja Boy Tell'em|Tribulations (Edit) - LCD Soundsystem
fzWbStoykhk,https://www.youtube.com/watch?v=fzWbStoykhk,Cara Sieber Callahan 2020,Cara Sieber  ,2020,D1,2690.0,WESTWORLD - EVAN GIIA
g2Q_2IThdZw,https://www.youtube.com/watch?v=g2Q_2IThdZw,Kip Curtis for Callahan 2019 - https://vimeo.com/772531269,Kip Curtis    - https//vimeo.com/772531269,2019,D1,10390.0,no songs found
g2ta4C2PzOE,https://www.youtube.com/watch?v=g2ta4C2PzOE,Gabe Hernandez Callahan 2018 | 2017-2018 Highlights,Gabe Hernandez    - Highlights,2017,D1,28576.0,"Songs: Icon by Jaden Smith, Recuerdame by Natalia Lafourcade

Edited by Kevin Tien"
g6LWkS4_czc,https://www.youtube.com/watch?v=g6LWkS4_czc,Boris Li Callahan 2021,Boris Li  ,2021,D1,1516.0,Fire In The Sky - Anderson .Paak
gCkTyfM7Vlk,https://www.youtube.com/watch?v=gCkTyfM7Vlk,Callahan Video - Brian Hart #17 Wisconsin Hodags, Video - Brian Hart #17 Wisconsin Hodags,unknown,D1,16188.0,no songs found
gN5yN3XQVjA,https://www.youtube.com/watch?v=gN5yN3XQVjA,Jacob Slade for Callahan 2025,Jacob Slade   ,2025,D1,1874.0,Burning - Yeah Yeah Yeahs
gRsQBgH3tkQ,https://www.youtube.com/watch?v=gRsQBgH3tkQ,Ryan Neumann For Callahan 2026,Ryan Neumann   ,2026,D1,350.0,If This World Was Mine - Bar-Kays
gYCxe-la7h8,https://www.youtube.com/watch?v=gYCxe-la7h8,HG Morrison | Callahan 2023 Nominee,HG Morrison    ,2023,D1,999.0,APES**T - THE CARTERS
gZ-PM96RBk4,https://www.youtube.com/watch?v=gZ-PM96RBk4,Grace Castro-Ultimate Frisbee,Grace Castro-Ultimate Frisbee,unknown,D1,769.0,no songs found
g_aA_rXDP2g,https://www.youtube.com/watch?v=g_aA_rXDP2g,Erik March for Donovan 2021,Erik March   ,2021,D3,383.0,4 Thangs (feat. Big Sean & Hit-Boy) - Freddie Gibbs
gdHBvEaWeEY,https://www.youtube.com/watch?v=gdHBvEaWeEY,Nick Hirning Callahan 2020,Nick Hirning  ,2020,D1,6461.0,Blinding Lights - The Weeknd
ge7vrpAN2T4,https://www.youtube.com/watch?v=ge7vrpAN2T4,Will Brandt for Donovan 2024,Will Brandt   ,2024,D3,9446.0,Cocoon - 070 Shake|Talk About It - Jungle
geex9JeEL44,https://www.youtube.com/watch?v=geex9JeEL44,Ben “Chef” Morse for Donovan 2024,Ben “Chef” Morse   ,2024,D3,271.0,I Love It - KIDZ BOP Kids
ggSC01wrl9w,https://www.youtube.com/watch?v=ggSC01wrl9w,"Bianca ""Yanc"" Champenois for Callahan 2020","Bianca ""Yanc"" Champenois   ",2020,D1,917.0,Laisse tomber les filles - France Gall
gphobgCIpnk,https://www.youtube.com/watch?v=gphobgCIpnk,"Hallie ""Nemo"" Dunham for Callahan 2020","Hallie ""Nemo"" Dunham   ",2020,D1,2610.0,"7/11 - Beyoncé|TAMAGOTCHI - DUCKWRTH|Collard Greens (Blazin' 2014 Compilation / 2014 - Australia Only) - ScHoolboy Q|Love You Die - Patoranking|Like Sugar - Chaka Khan|Run It! (No Rap Version) - Chris Brown|Take Control (feat. Jahyanai, Bamby, Mr. Eazi) - DJ Battle|Work It - Missy Elliott|Motivation (Savage Remix) - Normani, 21 Savage"
gr95XUPahQ8,https://www.youtube.com/watch?v=gr95XUPahQ8,Jeff Babbitt for Callahan 2016,Jeff Babbitt   ,2016,D1,111720.0,no songs found
grE1bh3KybA,https://www.youtube.com/watch?v=grE1bh3KybA,Andrew Seibert Callahan Video,Andrew Seibert  Video,unknown,D1,1411.0,no songs found
grsln_xim4E,https://www.youtube.com/watch?v=grsln_xim4E,Part I:  Mark Vandenberg for Callahan,Part I  Mark Vandenberg  ,unknown,D1,5131.0,no songs found
gyKTSAiVffA,,,,,,,No Songs Detected
h0f6mHFFYwI,https://www.youtube.com/watch?v=h0f6mHFFYwI,Carolyn Lober for Callahan 2022,Carolyn Lober   ,2022,D1,1125.0,Chelsea Dagger - The Fratellis
h6NQIYIFYTY,https://www.youtube.com/watch?v=h6NQIYIFYTY,Marco Dregni for the Donovan Award 2021 - Bacchus Ultimate,Marco Dregni  the    - Bacchus Ultimate,2021,D3,688.0,MALAMENTE (Cap.1: Augurio) - ROSALÍA
h6kPePb3lts,https://www.youtube.com/watch?v=h6kPePb3lts,Ben Spielman for Callahan 2017,Ben Spielman   ,2017,D1,11045.0,Song: Tech N9ne - Am I A Psycho?
hBBHXGaGhQU,https://www.youtube.com/watch?v=hBBHXGaGhQU,Nolan Cochran for Callahan 2022,Nolan Cochran   ,2022,D1,2129.0,Gotta Have It - JAŸ-Z
hCiHgFZoYFE,https://www.youtube.com/watch?v=hCiHgFZoYFE,LSU's Tyler Rogers for Callahan 2022,LSU's Tyler Rogers   ,2022,D1,1024.0,Everybody Loves Me - OneRepublic
hDD7HeWes7I,https://www.youtube.com/watch?v=hDD7HeWes7I,Kyle Chylinski for Callahan 2019,Kyle Chylinski   ,2019,D1,1531.0,no songs found
hFYJpfPtLsc,https://www.youtube.com/watch?v=hFYJpfPtLsc,Ben Kelley for Donovan 2023,Ben Kelley   ,2023,D3,1357.0,"Songs:
Waffle House Family, Pt. 1 by Waffle House Records, Mary Welch Rogers
Flamingo by Kero Kero Bonito"
hIVO0tNH8wk,https://www.youtube.com/watch?v=hIVO0tNH8wk,Maya Fein-Cole Callahan 2022,Maya Fein-Cole  ,2022,D1,561.0,Hotel Room Service (Instrumental) - Pitbull
hVHM6TI5YF0,https://www.youtube.com/watch?v=hVHM6TI5YF0,Copy of Joseph Marmerstein - Callahan 2015 (Washington University in St. Louis),Copy of Joseph Marmerstein -   (Washington University in St. Louis),2015,D1,5246.0,no songs found
hVRQbRw7Dj0,https://www.youtube.com/watch?v=hVRQbRw7Dj0,Brit DeRoehn Callahan 2024,Brit DeRoehn  ,2024,D1,844.0,"Gimme More (""Kimme More"" Remix) - Britney Spears|Espresso - Sabrina Carpenter"
h_xAjUCF6Hs,https://www.youtube.com/watch?v=h_xAjUCF6Hs,KIRA FLORES 2023 Hydra Callahan Nominee,KIRA FLORES  Hydra  ,2023,D1,3491.0,Dark Horse - Katy Perry|Stomp Me Out - Bryce Fox
hjL8QysK5nU,https://www.youtube.com/watch?v=hjL8QysK5nU,Leo Farley for Donovan 2025,Leo Farley   ,2025,D3,1607.0,Riptide - Vance Joy|Life Goes On - Lil Baby|Evergreen - Richy Mitch & The Coal Miners
hjd8QTXps14,https://www.youtube.com/watch?v=hjd8QTXps14,Aaron Rosenthal for Callahan 2023 - Dartmouth Pain Train,Aaron Rosenthal    - Dartmouth Pain Train,2023,D1,2607.0,no songs found
hwRNiPSSIz8,https://www.youtube.com/watch?v=hwRNiPSSIz8,Margo Donahue for Callahan 2023,Margo Donahue   ,2023,D1,3985.0,Black Skinhead (Album Version (Explicit)) - Kanye West|Message In A Bottle (Taylor's Version) (From The Vault) - Taylor Swift
hwUkWgCAi-M,https://www.youtube.com/watch?v=hwUkWgCAi-M,Faye Burdick Callahan 2026,Faye Burdick  ,2026,D1,1218.0,no songs found
i2v2eBggEHQ,https://www.youtube.com/watch?v=i2v2eBggEHQ,Jimmy Mickle For Callahan 2014,Jimmy Mickle   ,2014,D1,126204.0,no songs found
iC8dxcpE2So,https://www.youtube.com/watch?v=iC8dxcpE2So,Showtime for Callahan 2017,Showtime   ,2017,D1,8147.0,no songs found
iFluI90xD2U,https://www.youtube.com/watch?v=iFluI90xD2U,Thomas Echols for Callahan 2018,Thomas Echols   ,2018,D1,4778.0,no songs found
iIJJYo3fnro,https://www.youtube.com/watch?v=iIJJYo3fnro,Jesse Johnson for Callahan 2021,Jesse Johnson   ,2021,D1,1850.0,YMCA (Live) - Village People|7 rings - Ariana Grande
iPZCvKWvVvw,https://www.youtube.com/watch?v=iPZCvKWvVvw,Zack Watson-Stevens Callahan 2025,Zack Watson-Stevens  ,2025,D1,6058.0,Cloudbusting - Kate Bush
iX6nC4ioUSg,https://www.youtube.com/watch?v=iX6nC4ioUSg,Elias Griffin for Donovan,Elias Griffin  ,unknown,D3,827.0,Uproar - Lil Wayne
ig11jxwmcMQ,https://www.youtube.com/watch?v=ig11jxwmcMQ,Stephen Neu | Donovan Award 2017,Stephen Neu    ,2017,D3,1193.0,no songs found
ihxu4llSpQ4,https://www.youtube.com/watch?v=ihxu4llSpQ4,Cornell Wild Roses Lilly Mendoza for Callahan 2018,Cornell Wild Roses Lilly Mendoza   ,2018,D1,768.0,"Music:
Rozes - ""Burn Wild (Young Bombs Remix)"""
ilHdPRk_nLc,https://www.youtube.com/watch?v=ilHdPRk_nLc,Albert Yuan Callahan 2024,Albert Yuan  ,2024,D1,6201.0,Hard Times - Paramore
imcb-99BXeA,https://www.youtube.com/watch?v=imcb-99BXeA,Luke DiOrio Callahan 2014,Luke DiOrio  ,2014,D1,6963.0,no songs found
inT3GtgfsSM,https://www.youtube.com/watch?v=inT3GtgfsSM,Sandwich For Callahan 2020,Sandwich   ,2020,D1,2875.0,no songs found
ip8kKSOXjDY,https://www.youtube.com/watch?v=ip8kKSOXjDY,Brodie Smith for Callahan,Brodie Smith  ,unknown,D1,51382.0,no songs found
iqWx-NRFk5c,https://www.youtube.com/watch?v=iqWx-NRFk5c,Arthur Liaw | Callahan 2024,Arthur Liaw   ,2024,D1,1250.0,CUFF IT (ACAPELLA VERSION) - Beyoncé
iqaaViSSWyU,https://www.youtube.com/watch?v=iqaaViSSWyU,"Lauren ""Lo"" Lynch for Donovan 2023 — Williams Nova","Lauren ""Lo"" Lynch    — Williams Nova",2023,D3,653.0,no songs found
isQ2RIqlUGA,https://www.youtube.com/watch?v=isQ2RIqlUGA,Cami Nelson for Callahan 2015,Cami Nelson   ,2015,D1,2438.0,no songs found
iwwNYRg-RqQ,https://www.youtube.com/watch?v=iwwNYRg-RqQ,Elliott Moore for Donovan 2022 OC- NKolakovic,Elliott Moore    OC- NKolakovic,2022,D3,3111.0,"Come Together - Gary Clark Jr., Junkie XL"
j4A9aM8Rwuw,https://www.youtube.com/watch?v=j4A9aM8Rwuw,Squid for Callahan*,Squid  *,unknown,D1,2363.0,no songs found
jIru3JBQXVk,https://www.youtube.com/watch?v=jIru3JBQXVk,Billy O'Bryan | Callahan 2018,Billy O'Bryan   ,2018,D1,13362.0,"PS GFY - GRiZ, Cherub"
jIyjP0y_jI4,https://www.youtube.com/watch?v=jIyjP0y_jI4,Brandon Van Deusen for Callahan 2022,Brandon Van Deusen   ,2022,D1,1583.0,Contra - Logic|Adderall - Max Frost
jN1m7kOenos,https://www.youtube.com/watch?v=jN1m7kOenos,Beau De Koninck Donovan 2022,Beau De Koninck  ,2022,D3,635.0,no songs found
jQkICL-Dhjs,https://www.youtube.com/watch?v=jQkICL-Dhjs,Xavier Maxstadt Callahan 2015,Xavier Maxstadt  ,2015,D1,28607.0,no songs found
jVOqsAPJuuM,https://www.youtube.com/watch?v=jVOqsAPJuuM,Drew Laird | Callahan 2026,Drew Laird   ,2026,D1,1379.0,POWER (Album Version (Edited)) - Kanye West
jWg3zwIjyJc,https://www.youtube.com/watch?v=jWg3zwIjyJc,Zander Lutz Callahan 2025,Zander Lutz  ,2025,D1,908.0,Kickstart My Heart - Mötley Crüe|tv off - Kendrick Lamar
jX_OnmxQ1YQ,https://www.youtube.com/watch?v=jX_OnmxQ1YQ,Dexter Clyburn - Callahan 2025,Dexter Clyburn -  ,2025,D1,33169.0,"DUCKWORTH. - Kendrick Lamar|CORSO - Tyler, The Creator|m.A.A.d city - Kendrick Lamar|GONE, GONE / THANK YOU - Tyler, The Creator"
jYbJZB66Z90,https://www.youtube.com/watch?v=jYbJZB66Z90,Pat Oniate Callahan 2023,Pat Oniate  ,2023,D1,847.0,Under The Sun - Dreamville|Majesty feat. Wasiu - Apashe
j_HCrh98JZo,https://www.youtube.com/watch?v=j_HCrh98JZo,Danger's Miranda Kosowsky for Callahan 2022,Danger's Miranda Kosowsky   ,2022,D1,1395.0,Whatever It Takes - Imagine Dragons
jabUwm52578,https://www.youtube.com/watch?v=jabUwm52578,ANNA GODDU FOR CALLAHAN 2024,ANNA GODDU FOR CALLAHAN ,2024,D1,2685.0,Waiting All Night (feat. Ella Eyre) - Rudimental
jdRYjun1wzw,https://www.youtube.com/watch?v=jdRYjun1wzw,Jenny Wei Callahan 2018,Jenny Wei  ,2018,D1,7753.0,no songs found
jhBoeIsv7oU,https://www.youtube.com/watch?v=jhBoeIsv7oU,Josh Klane - 2014 Callahan Nominee,Josh Klane -   ,2014,D1,27039.0,Keep'n It Real - Shaggy
jhRvxToU064,https://www.youtube.com/watch?v=jhRvxToU064,Jo Saito for Donovan Award 2022 - Grinnellephants,Jo Saito     - Grinnellephants,2022,D3,482.0,Tokyo Drift (Fast & Furious) from The Fast And The Furious: Tokyo Drift - Teriyaki Boyz (2006) - UPFM - Teriyaki Boyz
jlKuuWl0vHI,https://www.youtube.com/watch?v=jlKuuWl0vHI,Jacques Nissen Callahan 2024,Jacques Nissen  ,2024,D1,19242.0,Welcome to the Jungle - Tommee Profitt|Quiet On Set - Remi Wolf
jrDgQm9E6sw,https://www.youtube.com/watch?v=jrDgQm9E6sw,Liza Minor of Saucy Nancy for Callahan 2014,Liza Minor of Saucy Nancy   ,2014,D1,621.0,Music copyright Frozen Soundtrack: In Summer - Josh Gad
jsmigKE2v9U,https://www.youtube.com/watch?v=jsmigKE2v9U,Nico Ranabhat for Callahan 2023,Nico Ranabhat   ,2023,D1,2374.0,La Lune & Le Soleil - Bonnie Banane|24K Magic - Junta
k-MMUD5hqmA,https://www.youtube.com/watch?v=k-MMUD5hqmA,Connor Rigby for Donovan 2024,Connor Rigby   ,2024,D3,437.0,Miss Alissa - Eagles Of Death Metal
kAstyTH3hMM,https://www.youtube.com/watch?v=kAstyTH3hMM,DARREN DYER FOR DONOVAN 2025,DARREN DYER FOR DONOVAN ,2025,D1,1369.0,no songs found
kLMxtId8IQw,https://www.youtube.com/watch?v=kLMxtId8IQw,Ethan Pigeon - Callahan 2026,Ethan Pigeon -  ,2026,D1,4041.0,Dani California - Red Hot Chili Peppers|Alright - Kendrick Lamar
kNsy4e14iko,https://www.youtube.com/watch?v=kNsy4e14iko,Emma Bartlett - Callahan 2021,Emma Bartlett -  ,2021,D1,598.0,no songs found
kOjnPhQLhx8,https://www.youtube.com/watch?v=kOjnPhQLhx8,Linn Bjanes for Callahan 2020,Linn Bjanes   ,2020,D1,2034.0,Diamonds (Gregor Salto Downtempo Remix) - Rihanna
kWiALoY8EZc,https://www.youtube.com/watch?v=kWiALoY8EZc,Nick Pappas Callahan 2022,Nick Pappas  ,2022,D1,1079.0,no songs found
kdh95IEZh30,https://www.youtube.com/watch?v=kdh95IEZh30,Charlie Clark for Callahan 2022,Charlie Clark   ,2022,D1,695.0,Getaway (feat. Angel Taylor) (Koven Remix) - Tritonal
kgmNEQGoksI,https://www.youtube.com/watch?v=kgmNEQGoksI,Daniel Lee Callahan 2018,Daniel Lee  ,2018,D1,2774.0,Song: Stephen Walking - Donkey Kong Jungle Japes (Dubstep Remix)
kiIJ9WvgHhE,https://www.youtube.com/watch?v=kiIJ9WvgHhE,Elliott Erickson Callahan 2015,Elliott Erickson  ,2015,D1,55176.0,Short People - Randy Newman
kiM8t4kMXi8,https://www.youtube.com/watch?v=kiM8t4kMXi8,Adam Miller Callahan 2023,Adam Miller  ,2023,D1,6877.0,no songs found
kjp4LmBVyL0,https://www.youtube.com/watch?v=kjp4LmBVyL0,COCO RHUM FOR DONOVAN 2024,COCO RHUM FOR DONOVAN ,2024,D1,363.0,POWER (Album Version (Edited)) - Kanye West|Pound The Alarm - Nicki Minaj
kmaI0Zo79O0,https://www.youtube.com/watch?v=kmaI0Zo79O0,Donovan Award | James Miller #00 - Colorado School of Mines,   James Miller #00 - Colorado School of Mines,unknown,D3,349.0,no songs found
kskRlUAQhHM,https://www.youtube.com/watch?v=kskRlUAQhHM,Axel Agami Callahan 2022,Axel Agami  ,2022,D1,7308.0,"Sheesh! - Surfaces, Tai Verdes"
ktKdU5WSC-I,https://www.youtube.com/watch?v=ktKdU5WSC-I,Sam Ingham for Donovan 2026,Sam Ingham   ,2026,D3,463.0,I Want You Back (DJ LEAD Non Stop Version) - Jackson 5|Nice For What - Drake
kttES8aIAhA,https://www.youtube.com/watch?v=kttES8aIAhA,Stewart Kelley Callahan 2026,Stewart Kelley  ,2026,D1,2428.0,White Unicorn - Wolfmother|Burning Love - Elvis Presley
kxIDvo8HHf4,https://www.youtube.com/watch?v=kxIDvo8HHf4,Monisha White | Callahan 2017,Monisha White   ,2017,D1,7382.0,no songs found
l-6lfmY-uvI,https://www.youtube.com/watch?v=l-6lfmY-uvI,Danny Yates Donovan 2017,Danny Yates  ,2017,D3,1151.0,no songs found
l7bPOWZdq4s,https://www.youtube.com/watch?v=l7bPOWZdq4s,Eric Sjostrom 2019 | Teaser,Eric Sjostrom   Teaser,2019,D1,2870.0,no songs found
l9rdKKvRAno,https://www.youtube.com/watch?v=l9rdKKvRAno,SAM GOOD FOR CALLAHAN 2024,SAM GOOD FOR CALLAHAN ,2024,D1,1986.0,Revolution - Kirk Franklin & The Family
lE48JDqySeE,https://www.youtube.com/watch?v=lE48JDqySeE,Derek Mourad Callahan 2021,Derek Mourad  ,2021,D1,2943.0,Shining Star - Ruben Studdard
lFZWZxncY6U,https://www.youtube.com/watch?v=lFZWZxncY6U,Anil Driehuys for Callahan 2025,Anil Driehuys   ,2025,D1,1961.0,Love Runs Out - OneRepublic
lHfgBYWWFes,https://www.youtube.com/watch?v=lHfgBYWWFes,Archer Gordon for Callahan,Archer Gordon  ,unknown,D1,4010.0,no songs found
lN5hU7j2C58,https://www.youtube.com/watch?v=lN5hU7j2C58,Iris Javersak 2017 Callahan Nomination,Iris Javersak   Nomination,2017,D1,1215.0,"Music Credit: ""I'm Not Famous"" by AJR"
lOHI47QB2fI,https://www.youtube.com/watch?v=lOHI47QB2fI,David Barram for Callahan 2022,David Barram   ,2022,D1,893.0,no songs found
lPucgR3LdWY,https://www.youtube.com/watch?v=lPucgR3LdWY,Dawn Culton for Callahan 2022,Dawn Culton   ,2022,D1,23332.0,Spectrum (Say My Name) (Calvin Harris Remix) - Florence + The Machine|MAKE YOU A BELIEVER - SAMUEL MICHAEL SHRIEVE | STEFAN ADAM LITROWNIK | LAURELL JANE BARKER | FRASER TJ MCGREGOR
lRMYhP8ShHY,https://www.youtube.com/watch?v=lRMYhP8ShHY,Clarke Piatt for Callahan 2025,Clarke Piatt   ,2025,D1,704.0,When I'm Gone - 3 Doors Down
lZ8fLdVUGhQ,https://www.youtube.com/watch?v=lZ8fLdVUGhQ,Sam Feder for Callahan 2019,Sam Feder   ,2019,D1,2686.0,"Songs used:
Oliver Michael: Diatribe
Justice: D.A.N.C.E.

We do not own any songs used in this video."
l_97PAEzs3U,https://www.youtube.com/watch?v=l_97PAEzs3U,Charlie Tantum Donovan 2025,Charlie Tantum  ,2025,D3,2276.0,"You Want Me - Dirtyphonics, Circadian"
lhCoqH7cLQE,https://www.youtube.com/watch?v=lhCoqH7cLQE,"Daniel ""Zero"" Thornton Callahan 2018","Daniel ""Zero"" Thornton  ",2018,D1,3121.0,no songs found
lqjhD4vtoSQ,https://www.youtube.com/watch?v=lqjhD4vtoSQ,Best Of: 2020 Donovan Award Videos,Best Of    Videos,2020,D3,2911.0,no songs found
lvIPCLMjwMI,https://www.youtube.com/watch?v=lvIPCLMjwMI,Gwyn Kelley For Donovan 2025,Gwyn Kelley   ,2025,D3,425.0,"My Barn My Rules (Original Mix) - MCR-T, horsegiirL|Axel F - Crazy Frog"
lyed-vczUgc,https://www.youtube.com/watch?v=lyed-vczUgc,"2012 College Championships: Woman's Callahan Winner, Paula Seville Interview"," College Championships Woman's  Winner, Paula Seville Interview",2012,D1,952.0,no songs found
m-2wPhuc6OM,https://www.youtube.com/watch?v=m-2wPhuc6OM,Reed Browning Callahan 2022,Reed Browning  ,2022,D1,663.0,Money In The Grave - Drake
m6TZbvx9kHQ,https://www.youtube.com/watch?v=m6TZbvx9kHQ,"Zoe ""Baller"" Luke for Callahan 2022","Zoe ""Baller"" Luke   ",2022,D1,1937.0,I Wish (Radio Edit) - Skee‐Lo|Stand up - James Durbin
mAtir9yHgTg,https://www.youtube.com/watch?v=mAtir9yHgTg,Chander Boyd-Fliegel for Callahan 2025,Chander Boyd-Fliegel   ,2025,D1,14093.0,"Sit Still, Look Pretty - Daya"
mB-9PhtnFIE,https://www.youtube.com/watch?v=mB-9PhtnFIE,Meg Zeng - Callahan 2026 Teaser,Meg Zeng -   Teaser,2026,D1,64.0,Where Is My Husband! - RAYE
mB28CbWHs78,https://www.youtube.com/watch?v=mB28CbWHs78,The Janimal,The Janimal,unknown,D1,11115.0,no songs found
mEUI-U1Z2Tk,https://www.youtube.com/watch?v=mEUI-U1Z2Tk,Angela Zhu Callahan 2017,Angela Zhu  ,2017,D1,36180.0,"Wave Your Hands - Bassjackers, Thomas Newson"
mEUKAXJVYkg,https://www.youtube.com/watch?v=mEUKAXJVYkg,Michael Schwenk for Callahan 2017,Michael Schwenk   ,2017,D1,11706.0,"Song: Warrior by Afu-Ra


**Note: Unfortunately Schwenk is not technically eligible for the Callahan, as he graduated from Eastern in 2012. 

*Note: Eastern Illinois University Reaper Ultimate is in no way actually affiliated with this video. #MeanMachine"
mHPgC8o0bgs,https://www.youtube.com/watch?v=mHPgC8o0bgs,Clint McSherry III for Pretty Darn Good D3 Player 2016,Clint McSherry III  Pretty Darn Good D3 Player ,2016,D1,1381.0,no songs found
mOKTMQWQlJg,https://www.youtube.com/watch?v=mOKTMQWQlJg,CJ Kiepert Callahan 2024,CJ Kiepert  ,2024,D1,4482.0,In One Ear - Cage The Elephant|You May Be Right - Billy Joel
mUthiC5B42s,https://www.youtube.com/watch?v=mUthiC5B42s,Josh Reed Callahan 2026,Josh Reed  ,2026,D1,320.0,Everyday Hustle - Future
mYGC-7pKfa4,https://www.youtube.com/watch?v=mYGC-7pKfa4,Dalton Smith Callahan Nominee 2016,Dalton Smith   ,2016,D1,15228.0,no songs found
mejNP1fDxdY,https://www.youtube.com/watch?v=mejNP1fDxdY,"Colman ""Cletus"" Bashore for Donovan 2024","Colman ""Cletus"" Bashore   ",2024,D3,606.0,"Narco - Blasterjaxx, Timmy Trumpet|A Milli (Re-Mastered 2008) - Lil Wayne"
mey-M_1GRPk,https://www.youtube.com/watch?v=mey-M_1GRPk,Josh Singleton For Callahan 2026,Josh Singleton   ,2026,D1,10304.0,"New Romantics (Taylor's Version) - Taylor Swift|Texas Sun - Khruangbin, Leon Bridges"
mjULjLueB1g,https://www.youtube.com/watch?v=mjULjLueB1g,Michael Fairley For Callahan,Michael Fairley  ,unknown,D1,7904.0,no songs found
mjv2coh5X24,https://www.youtube.com/watch?v=mjv2coh5X24,Nick Longo for Callahan - 2020,Nick Longo   - ,2020,D1,1729.0,Natural - Imagine Dragons
mrkozttle4c,https://www.youtube.com/watch?v=mrkozttle4c,John Wodatch for Callahan,John Wodatch  ,unknown,D1,9521.0,no songs found
mtB4ItkZFZ0,https://www.youtube.com/watch?v=mtB4ItkZFZ0,Johnny Chen for Callahan 2021,Johnny Chen   ,2021,D1,959.0,ルフィVSチェットRound1 - 岩崎文紀
mv_plDBbZRk,https://www.youtube.com/watch?v=mv_plDBbZRk,Stephen Abel - Callahan 2026,Stephen Abel -  ,2026,D1,455.0,Love Me - JMSN|Where Have You Been (The Faders – F.U.N.”) - Rihanna
my5lB6O3mKs,https://www.youtube.com/watch?v=my5lB6O3mKs,"Matthew ""Lunchbox"" Imm for Callahan 2026","Matthew ""Lunchbox"" Imm   ",2026,D1,1090.0,Hungry Like the Wolf (2009 Remaster) - Duran Duran|Since U Been Gone - Kelly Clarkson
n5mua2Pe0zM,https://www.youtube.com/watch?v=n5mua2Pe0zM,Daniel Sperling Callahan 2020,Daniel Sperling  ,2020,D1,6402.0,Roses (Imanbek Remix) - SAINt JHN
nCD0b265yQ4,https://www.youtube.com/watch?v=nCD0b265yQ4,Caleb Akiyama for Donovan 2022,Caleb Akiyama   ,2022,D3,561.0,DJ Got Us Fallin' In Love (Almighty Radio Mix (No Rap)) - Usher
nEGpwgvOSjg,https://www.youtube.com/watch?v=nEGpwgvOSjg,Cody Spicer - Callahan 2017,Cody Spicer -  ,2017,D1,4801.0,no songs found
nEqtShPezls,https://www.youtube.com/watch?v=nEqtShPezls,Jeremy Keusch For Callahan 2023,Jeremy Keusch   ,2023,D1,972.0,no songs found
nFrFoE-dcjo,https://www.youtube.com/watch?v=nFrFoE-dcjo,Kalen Morrison | Donovan 2026,Kalen Morrison   ,2026,D3,1472.0,"Sticky - Tyler, The Creator|Like Him - Tyler, The Creator|MY EYES - Travis Scott"
nGU1uLiLeaQ,https://www.youtube.com/watch?v=nGU1uLiLeaQ,Ben Simmons Callahan 2023,Ben Simmons  ,2023,D1,8486.0,no songs found
nHkKpg7Ltb0,https://www.youtube.com/watch?v=nHkKpg7Ltb0,Dillon Larberg for Callahan 2017,Dillon Larberg   ,2017,D1,18606.0,"Song: Long Distance (by Sam Gellaitry).

Edited by Josh Brunelli."
nIMNvCjQFyE,https://www.youtube.com/watch?v=nIMNvCjQFyE,Jaclyn Wataoka for Donovan 2022,Jaclyn Wataoka   ,2022,D3,671.0,Confident (Edited) - Demi Lovato
nOZSTryK4Jk,https://www.youtube.com/watch?v=nOZSTryK4Jk,Lia Schwartz Callahan 2025,Lia Schwartz  ,2025,D1,13989.0,Peanut Butter Jelly (Extended Mix) - Galantis
nTg2ZaZw6bI,https://www.youtube.com/watch?v=nTg2ZaZw6bI,Paul Jackson Donovan 2026,Paul Jackson  ,2026,D3,458.0,Hero - Hans Zimmer|bad idea right? - Olivia Rodrigo
nUia5quPnBk,https://www.youtube.com/watch?v=nUia5quPnBk,Dylan Freechild- Callahan Nominee 2013,Dylan Freechild-   ,2013,D1,303618.0,Who Did That To You? - John Legend
nWYSpd_EdQM,https://www.youtube.com/watch?v=nWYSpd_EdQM,Ava Jones for Callahan 2023,Ava Jones   ,2023,D1,936.0,no songs found
nWsxtTDEk-o,https://www.youtube.com/watch?v=nWsxtTDEk-o,Kees For Donovan,Kees  ,unknown,D3,2005.0,Telephone - Lady Gaga
n_Eh26NwxEE,https://www.youtube.com/watch?v=n_Eh26NwxEE,Cam Freeman Callahan 2025,Cam Freeman  ,2025,D1,4369.0,Man Of The Year (Edited) - ScHoolboy Q
naWHYPbqhjk,https://www.youtube.com/watch?v=naWHYPbqhjk,Mica Glass for Callahan 2026,Mica Glass   ,2026,D1,15670.0,Across 110th Street - Bobby Womack|R U Mine? - Arctic Monkeys
nb2o0IZ2Ic8,https://www.youtube.com/watch?v=nb2o0IZ2Ic8,Chris Roach for Donovan 2018,Chris Roach   ,2018,D3,1523.0,"Song: Believer by Imagine Dragons, and Bottom Line by Swollen Members

Opening quote courtesy to Michael Ball, Ultiworld D-III Editor, 7500 club series preview episode 

All Images and content via UPS Postmen"
ncnSf8B8Myc,https://www.youtube.com/watch?v=ncnSf8B8Myc,Jesse Shofner: Good As Hell,Jesse Shofner Good As Hell,unknown,D1,102750.0,no songs found
nlqZStAuXrs,https://www.youtube.com/watch?v=nlqZStAuXrs,Eric Palia for Callahan 2025,Eric Palia   ,2025,D1,2090.0,Worship - Jon Batiste
nskYgMOazdA,https://www.youtube.com/watch?v=nskYgMOazdA,Anna Purtell Callahan 2023,Anna Purtell  ,2023,D1,1975.0,Dancing Feet - Kygo|Swagger Jagger - Cher Lloyd|Focus - Ariana Grande
nuMtPSWVT9U,https://www.youtube.com/watch?v=nuMtPSWVT9U,"Lucas Reichert for Callahan 2022, Presented by William & Mary Men's Ultimate","Lucas Reichert   , Presented by William & Mary Men's Ultimate",2022,D1,3672.0,no songs found
nv_D222Oe_s,https://www.youtube.com/watch?v=nv_D222Oe_s,Matt Pindilli Scranton for Donovan Award 2022,Matt Pindilli Scranton    ,2022,D3,428.0,no songs found
nwsolz7LoeU,https://www.youtube.com/watch?v=nwsolz7LoeU,"Denis ""Brick"" Cha for Donovan","Denis ""Brick"" Cha  ",unknown,D3,891.0,Fantasy - Mariah Carey|The Largest - BigXthaPlug
nzahVDTeB7c,https://www.youtube.com/watch?v=nzahVDTeB7c,Isaiah Mason Callahan 2025,Isaiah Mason  ,2025,D1,2534.0,Dog Days Are Over - Florence + The Machine
o3hWyEW9fuI,https://www.youtube.com/watch?v=o3hWyEW9fuI,Micah Derringer Callahan 2025,Micah Derringer  ,2025,D1,573.0,Immigrant Song (1990 Remaster) - Led Zeppelin|Ain't It Fun - Paramore|Unwritten - Natasha Bedingfield
o8Oevi91yLc,https://www.youtube.com/watch?v=o8Oevi91yLc,George McDonald Callahan 2024,George McDonald  ,2024,D1,495.0,TEXAS HOLD 'EM (PONY UP) REMIX - Beyoncé
oCNBiwfQUQ8,https://www.youtube.com/watch?v=oCNBiwfQUQ8,Hudson Martin Callahan Prelude,Hudson Martin  Prelude,unknown,D1,3411.0,no songs found
oFkg8uHlNcw,https://www.youtube.com/watch?v=oFkg8uHlNcw,Rebecca Fagan for Callahan #BexTheBird,Rebecca Fagan   #BexTheBird,unknown,D1,1470.0,"Flight over Alps - Jacob Shea, Jasha Klebe"
oKYxTduwCe0,https://www.youtube.com/watch?v=oKYxTduwCe0,Chicken for Callahan,Chicken  ,unknown,D1,15651.0,no songs found
oSenPJIYR-g,https://www.youtube.com/watch?v=oSenPJIYR-g,Nicole Cramer for Callahan 2018,Nicole Cramer   ,2018,D1,1280.0,"Songs:
Girls @ - Joey Purp ft. Chance The Rapper
SummerThing! - Afrojack ft. Mike Taylor

Thanks to the following for footage:
Ultiworld
Tom Crawford

Follow @UWElement on Twitter & Instagram"
og_ORzYG4AI,https://www.youtube.com/watch?v=og_ORzYG4AI,Kateri Boucher for Donovan 2017,Kateri Boucher   ,2017,D3,1199.0,no songs found
ol2wNKc7zDk,https://www.youtube.com/watch?v=ol2wNKc7zDk,Charlie Craemer - Callahan 2026,Charlie Craemer -  ,2026,D1,427.0,Give Up Baby Go - Peach Pit
ozmrjr4Qvek,https://www.youtube.com/watch?v=ozmrjr4Qvek,"Macy ""Bootes"" Vollbrecht for Callahan 2024","Macy ""Bootes"" Vollbrecht   ",2024,D1,1851.0,Midnight City - M83
p3M8Sa7bcqI,https://www.youtube.com/watch?v=p3M8Sa7bcqI,Joe Kershner's Catch That Won The Callahan,Joe Kershner's Catch That Won The ,unknown,D1,22151.0,no songs found
pAjXqGWqkWI,https://www.youtube.com/watch?v=pAjXqGWqkWI,Siri Bohacek for Donovan 2022,Siri Bohacek   ,2022,D3,354.0,no songs found
pEufX5KSobs,https://www.youtube.com/watch?v=pEufX5KSobs,"Hannah ""Jam"" Cheng for Callahan 2021","Hannah ""Jam"" Cheng   ",2021,D1,499.0,Music: SirensCeol - Stay
pGhOdKduqD8,https://www.youtube.com/watch?v=pGhOdKduqD8,Ross Neuman Callahan 2018,Ross Neuman  ,2018,D1,4224.0,"Music: ""Mars, the Bringer of War"" - Gustav Holst

Special thanks to Pabst Blue Ribbon, because we couldn't find Lone Star in Oklahoma."
pH8V-EPg1GY,https://www.youtube.com/watch?v=pH8V-EPg1GY,Adam Grossberg Callahan 2026,Adam Grossberg  ,2026,D1,17928.0,I Wanna Be Where You Are - Michael Jackson|EoO - Bad Bunny
pHLUZbIYYSw,https://www.youtube.com/watch?v=pHLUZbIYYSw,Elliott Chartock Callahan 2017,Elliott Chartock  ,2017,D1,15577.0,"Songs:
""Do What I Want"" - Lil Uzi Vert
""Una Vaina Loca"" - Fuego ft. El Potro Alvarez"
pK7wZij9BEA,https://www.youtube.com/watch?v=pK7wZij9BEA,"Josie ""Butter"" Ku for Donovan Award 2022","Josie ""Butter"" Ku    ",2022,D3,383.0,no songs found
pMLY0Oc908A,https://www.youtube.com/watch?v=pMLY0Oc908A,Riley Kirkman-Davis Callahan 2024,Riley Kirkman-Davis  ,2024,D1,7515.0,Still Feelin' It - Mistah F.A.B.|Liar - Camila Cabello
pN38VJC_n1g,https://www.youtube.com/watch?v=pN38VJC_n1g,Ben Brink Callahan 2026,Ben Brink  ,2026,D1,1775.0,Call Me Maybe - Carly Rae Jepsen
pO1GpX-f1jg,https://www.youtube.com/watch?v=pO1GpX-f1jg,Jacob Warshauer for Donovan 2018,Jacob Warshauer   ,2018,D3,1918.0,no songs found
pPdJhAAyCWI,https://www.youtube.com/watch?v=pPdJhAAyCWI,Vermont Ruckus Emily Pozzy for Callahan,Vermont Ruckus Emily Pozzy  ,unknown,D1,6251.0,Lovely Day - Bill Withers
pU-XqakgNhg,https://www.youtube.com/watch?v=pU-XqakgNhg,Josh Zdrodowski for Callahan 2017,Josh Zdrodowski   ,2017,D1,985.0,"Music - 
""Rabbia E Tarantella"" by Ennio Morricone"
p_P0Oas4i2o,https://www.youtube.com/watch?v=p_P0Oas4i2o,Justin Pettenuzzo for Callahan 2023,Justin Pettenuzzo   ,2023,D1,4218.0,Se Você Não Quer Passa a Vez - MC Delux
pdbhjqTmNL8,https://www.youtube.com/watch?v=pdbhjqTmNL8,Bailey Shigley for Callahan 2023,Bailey Shigley   ,2023,D1,2550.0,no songs found
pizqtt5IjzI,https://www.youtube.com/watch?v=pizqtt5IjzI,Justin Strout Callahan 2025,Justin Strout  ,2025,D1,383.0,no songs found
pnWhwOI6y6o,https://www.youtube.com/watch?v=pnWhwOI6y6o,Azeez Adeyemi Callahan 2021,Azeez Adeyemi  ,2021,D1,30767.0,Everyday We Lit (Remix) - YFN Lucci|Warzone - Anno Domini Beats|DNA. - Kendrick Lamar
pt41Q1AJ51U,https://www.youtube.com/watch?v=pt41Q1AJ51U,Evan Malkin for Callahan 2023,Evan Malkin   ,2023,D1,2253.0,Move - Saint Motel|just wanna rock (Sped Up Version) - sped up nightcore
puAkAJC-jto,https://www.youtube.com/watch?v=puAkAJC-jto,Shaan Narayan Callahan 2025,Shaan Narayan  ,2025,D1,1037.0,m.A.A.d city - Kendrick Lamar|HUMBLE. - Kendrick Lamar
q4-3tbY-W7Y,https://www.youtube.com/watch?v=q4-3tbY-W7Y,Jake Worthington for Callahan 2025,Jake Worthington   ,2025,D1,5033.0,"TORE UP - Don Toliver|Driving Fast - Swimming Paul, Beaux Neptune"
q6LGHVsT644,https://www.youtube.com/watch?v=q6LGHVsT644,Courtney Read Callahan 2020,Courtney Read  ,2020,D1,779.0,"Christ Person, Woman God - Jackal"
q7ouVkrwSbE,https://www.youtube.com/watch?v=q7ouVkrwSbE,Tyler Chan Highlights 2012-2014,Tyler Chan Highlights -,2012,D1,2622.0,no songs found
qCjXy9Emd5w,https://www.youtube.com/watch?v=qCjXy9Emd5w,Tyler Shanahan for Donovan 2023,Tyler Shanahan   ,2023,D3,855.0,Thnks fr th Mmrs - Fall Out Boy
qDD5k13RvzE,https://www.youtube.com/watch?v=qDD5k13RvzE,Johnny Jiang Callahan 2021,Johnny Jiang  ,2021,D1,576.0,no songs found
qEyiZ7weOqw,https://www.youtube.com/watch?v=qEyiZ7weOqw,Franky Fernandez for Callahan 2023 - Harvard Red Line,Franky Fernandez    - Harvard Red Line,2023,D1,10911.0,no songs found
qFsXYewMTM0,https://www.youtube.com/watch?v=qFsXYewMTM0,Nicky Spiva Callahan 2011,Nicky Spiva  2011,unknown,D1,7228.0,no songs found
qGqnSZFRu4U,https://www.youtube.com/watch?v=qGqnSZFRu4U,Sammy Roberts for Donovan 2025,Sammy Roberts   ,2025,D3,904.0,Hells Bells - AC/DC|All I Need Is You - Lecrae
qHeScm_c1JA,https://www.youtube.com/watch?v=qHeScm_c1JA,Sebastian Williamson for Donovan,Sebastian Williamson  ,unknown,D3,629.0,Tubthumping - Chumbawamba
qHu7vv_BcEM,https://www.youtube.com/watch?v=qHu7vv_BcEM,Andrew Lehmberg Callahan 2019,Andrew Lehmberg  ,2019,D1,15444.0,no songs found
qI05jIv7LIM,https://www.youtube.com/watch?v=qI05jIv7LIM,Parker Bray for Callahan 2017,Parker Bray   ,2017,D1,4506.0,no songs found
qQyOsMaKi5w,https://www.youtube.com/watch?v=qQyOsMaKi5w,Bilal Nizamani - Callahan 2026,Bilal Nizamani -  ,2026,D1,1541.0,New Romantics (Taylor's Version) - Taylor Swift
qR52RL06LxM,https://www.youtube.com/watch?v=qR52RL06LxM,Coby Loveranes Callahan 2026,Coby Loveranes  ,2026,D1,3553.0,KOBE ROLLIE (PROD. PIERRE BOURNE) snippet - LIL UZI VERT|Burnin' for You - Blue Oyster Cult
qRQva4M1wRw,https://www.youtube.com/watch?v=qRQva4M1wRw,Radar for Callahan 2015,Radar   ,2015,D1,6030.0,no songs found
qVFC317TNXc,https://www.youtube.com/watch?v=qVFC317TNXc,Sharon Lin Callahan 2015,Sharon Lin  ,2015,D1,4357.0,no songs found
qpuO6eRhvaA,https://www.youtube.com/watch?v=qpuO6eRhvaA,Chris Lung for Callahan 2020,Chris Lung   ,2020,D1,3458.0,Mr. Brightside (Radio Edit) - The Killers
qtYHIB1MFkY,https://www.youtube.com/watch?v=qtYHIB1MFkY,Walter Ellard for Donovan 2022,Walter Ellard   ,2022,D3,833.0,"Music: AJR. ""Break My Face""
https://www.youtube.com/watch?v=RxqmePJL6t8"
r0x38Lq5tJU,https://www.youtube.com/watch?v=r0x38Lq5tJU,"Zach ""Zeus"" Levitt - Donovan 2020","Zach ""Zeus"" Levitt -  ",2020,D3,1153.0,"hand crushed by a mallet - 100 gecs, Laura Les, Dylan Brady"
r2n6F5d2Pw0,https://www.youtube.com/watch?v=r2n6F5d2Pw0,"Maddy ""Mop"" Perrino - 2023 Donovan Award Nominee - Catholic Nun Betta","Maddy ""Mop"" Perrino -     - Catholic Nun Betta",2023,D3,104.0,no songs found
rBSq03geWIY,https://www.youtube.com/watch?v=rBSq03geWIY,Noah Kurland Callahan 2021,Noah Kurland  ,2021,D1,1137.0,no songs found
rBeiiv1_Ufo,https://www.youtube.com/watch?v=rBeiiv1_Ufo,Brynahallan2016 (Bryn Coldwell for Callahan 2016),Brynahallan (Bryn Coldwell   ),2016,D1,1225.0,no songs found
rC5BBM0rpwo,https://www.youtube.com/watch?v=rC5BBM0rpwo,Margo Urheim for Callahan 2020,Margo Urheim   ,2020,D1,4522.0,Hard Time - Seinabo Sey
rF_xtzFWlNE,https://www.youtube.com/watch?v=rF_xtzFWlNE,Jackson Stanley for Donovan 2025,Jackson Stanley   ,2025,D3,424.0,"Song 1: pick your poison By KiLLOWEN
Song 2: Don't Stop The Music By Rihanna"
rFwZ_zrqRzQ,https://www.youtube.com/watch?v=rFwZ_zrqRzQ,Khalif For Callahan:The Next Episode,Khalif  The Next Episode,unknown,D1,20548.0,"Music: Dr. Dre - Next Episode (San Holo Remix)
Footage from Ultiworld, Scott Dunham, AUDL.tv, Seattle Cascades,  ESPN, and the Sundodger Film Team"
rHw9P7YH16E,https://www.youtube.com/watch?v=rHw9P7YH16E,"Stephen ""Stevo"" Dolan Callahan 2023","Stephen ""Stevo"" Dolan  ",2023,D1,1353.0,"Songs used:
New York, New York- Frank Sinatra
Empire State of Mind- Jay-Z
Shipping up to Boston- Dropkick Murphy's"
rJ5ZpAQorlk,https://www.youtube.com/watch?v=rJ5ZpAQorlk,Alex Turney Callahan 2022,Alex Turney  ,2022,D1,1390.0,Sunday Best - Surfaces|My Type - Saint Motel
rLHHmBIxqgE,https://www.youtube.com/watch?v=rLHHmBIxqgE,Alex Mullen Callahan 2024,Alex Mullen  ,2024,D1,1432.0,Sunny (Instrumental) - Boney M
rO_4hv847z0,https://www.youtube.com/watch?v=rO_4hv847z0,Declan Kervick Callahan 2026,Declan Kervick  ,2026,D1,3296.0,That's Life (2008 Remastered) - Frank Sinatra
rR9FV0dtwQM,https://www.youtube.com/watch?v=rR9FV0dtwQM,Nico Darringer Donovan 2026,Nico Darringer  ,2026,D3,1820.0,Roses - The Chainsmokers
rSWy585wCaM,https://www.youtube.com/watch?v=rSWy585wCaM,Shira Stern Callahan 2014,Shira Stern  ,2014,D1,2711.0,"Songs Used: 
Love Game by Lorde
Blurred Lines by Robin Thicke featuring T.I. and Pharrell 
The Breakfast Club by Z-Trip featuring Murs and Supernatural"
rUK6ExoUvMg,https://www.youtube.com/watch?v=rUK6ExoUvMg,Kyle Lew Callahan 2025,Kyle Lew  ,2025,D1,23056.0,Nobody's Soldier - Hozier|De Selby (Part 1) - Hozier|De Selby (Part 2) - Hozier
rV95dlRhy7o,https://www.youtube.com/watch?v=rV95dlRhy7o,Collin Rassel for Callahan 2025,Collin Rassel   ,2025,D1,750.0,Here We Go - Mac Miller|Rave Party - Dj IBK|Misery Business (Single Version) - Paramore
rXdXortIxiw,https://www.youtube.com/watch?v=rXdXortIxiw,Mischa Freystaetter Callahan 2012 Career Highlight,Mischa Freystaetter   Career Highlight,2012,D1,3119.0,no songs found
rXrBklFwmlg,https://www.youtube.com/watch?v=rXrBklFwmlg,Peter Burt for Donovan Award 2017,Peter Burt    ,2017,D3,3349.0,no songs found
rc9GUU2oMW0,https://www.youtube.com/watch?v=rc9GUU2oMW0,Zachary Fox for Donovan 2026,Zachary Fox   ,2026,D3,313.0,Freak the Freak Out (feat. Victoria Justice) - Victorious Cast
rcb_9RVw77A,https://www.youtube.com/watch?v=rcb_9RVw77A,"Rachel ""Webster"" Musante for Donovan 2018","Rachel ""Webster"" Musante   ",2018,D3,522.0,no songs found
rez8iTO5M2c,https://www.youtube.com/watch?v=rez8iTO5M2c,Sam Weaver- Donovan 2017,Sam Weaver-  ,2017,D3,375.0,Music: Outcast- Shinedown
rlj7zeW00fs,https://www.youtube.com/watch?v=rlj7zeW00fs,Alyssa Pelkey Callahan 2022,Alyssa Pelkey  ,2022,D1,1166.0,King Kunta - Kendrick Lamar|Monster - Kanye West
s0zmKGC6itY,https://www.youtube.com/watch?v=s0zmKGC6itY,Ben Field for Callahan 2022: The Serious Problem,Ben Field    The Serious Problem,2022,D1,6885.0,no songs found
s2CUW0TMOR4,https://www.youtube.com/watch?v=s2CUW0TMOR4,Connor Fortin (RIT) for Callahan 2016 - The Brett Favre of Ultimate,Connor tin (RIT)    - The Brett Favre of Ultimate,2016,D1,4536.0,Music by Bad Rabbits
s6fUhJ_uYYw,https://www.youtube.com/watch?v=s6fUhJ_uYYw,Kevin Tien Callahan 2021,Kevin Tien  ,2021,D1,5149.0,Only One Spider-Man - Daniel Pemberton|Broken Boy - Cage The Elephant
s7Ba4JTsbIY,https://www.youtube.com/watch?v=s7Ba4JTsbIY,Julia Butterfield for Callahan 2017,Julia Butterfield   ,2017,D1,3828.0,no songs found
sARCR4gODG8,https://www.youtube.com/watch?v=sARCR4gODG8,Henry Poe for Callahan 2020,Henry Poe   ,2020,D1,3681.0,Good Life - G-Eazy
sC7iaUA0yEE,https://www.youtube.com/watch?v=sC7iaUA0yEE,"Izzy ""Egg"" Singer Callahan 2023","Izzy ""Egg"" Singer  ",2023,D1,700.0,WESTWORLD - EVAN GIIA
sISgYQojpKw,https://www.youtube.com/watch?v=sISgYQojpKw,Carter Lankford - 2026 Callahan Teaser,Carter Lankd -   Teaser,2026,D1,2065.0,E85 - Don Toliver
sMdMp6D7r1s,https://www.youtube.com/watch?v=sMdMp6D7r1s,Jake Hamilton for Donovan 2026,Jake Hamilton   ,2026,D3,733.0,Where Is My Husband! - RAYE|No More Mr. Nice Guy (2023 Remaster) - Alice Cooper
sMsFuDHc-mg,https://www.youtube.com/watch?v=sMsFuDHc-mg,2021 Women's Donovan Award Ceremony, Women's   Ceremony,2021,D3,479.0,no songs found
sX-z8jco55E,https://www.youtube.com/watch?v=sX-z8jco55E,Slaypril for Callahan 2025 (April Lu pt. 2),Slaypril    (April Lu pt. 2),2025,D1,208.0,Levitate - Capital Cities|Safe and Sound - Capital Cities
sYxD55eXhUw,https://www.youtube.com/watch?v=sYxD55eXhUw,Myles Grady Callahan 2017,Myles Grady  ,2017,D1,7608.0,no songs found
sZIjCPqq8GE,https://www.youtube.com/watch?v=sZIjCPqq8GE,Billy O'Bryan 2018 | Teaser,Billy O'Bryan   Teaser,2018,D1,1666.0,no songs found
se2j9wAPE-s,https://www.youtube.com/watch?v=se2j9wAPE-s,Amy Tse for Donovan Award 2024,Amy Tse    ,2024,D3,288.0,no songs found
smfRMVIPuTM,https://www.youtube.com/watch?v=smfRMVIPuTM,Adam Rees for Callahan 2018,Adam Rees   ,2018,D1,21636.0,no songs found
sn5hJ6hnX5E,https://www.youtube.com/watch?v=sn5hJ6hnX5E,Brandon Beers - Callahan 2022,Brandon Beers -  ,2022,D1,2813.0,My Type - Saint Motel
spRkSCCnr50,https://www.youtube.com/watch?v=spRkSCCnr50,Chloë's Callahan Preview,Chloë's  Preview,unknown,D1,385.0,no songs found
ssDvTirMKJg,https://www.youtube.com/watch?v=ssDvTirMKJg,Sam Paulsen 2018 Donovan,Sam Paulsen  ,2018,D3,416.0,no songs found
stbz5qwrNiE,https://www.youtube.com/watch?v=stbz5qwrNiE,"Cole ""Gator"" Fairfield for Donovan 2025","Cole ""Gator"" Fairfield   ",2025,D3,939.0,Money Trees - Kendrick Lamar|X Gon' Give It To Ya - DMX
t2dDhmhKZQ0,https://www.youtube.com/watch?v=t2dDhmhKZQ0,Tannor Johnson Callahan 2020,Tannor Johnson  ,2020,D1,21952.0,no songs found
t2iluGG6Imc,https://www.youtube.com/watch?v=t2iluGG6Imc,Aaron Bartlett - Callahan 2026,Aaron Bartlett -  ,2026,D1,10666.0,Hell & Back - Kid Ink|Don't Let Me Down - The Chainsmokers|Gold Guns Girls - Metric
t7FSv2DJTsg,https://www.youtube.com/watch?v=t7FSv2DJTsg,Lilly Innes for Callahan 2026,Lilly Innes   ,2026,D1,274.0,no songs found
t7ozMIV1dH8,https://www.youtube.com/watch?v=t7ozMIV1dH8,Ben Burelle for Callahan 2018 UVIC #73 - NKolakovic,Ben Burelle    UVIC #73 - NKolakovic,2018,D1,10666.0,"Song:
AVE & EFX & Varun - Paint The Sky ft. LA James [Hydro & TY$G Mashup]

Thumbnail photo:
https://www.facebook.com/JonHaydukPhotography/

Vlogs:
https://www.youtube.com/channel/UCTNUguU0skf8M_9oxmBi4vA

Facebook: NKolakovic
https://www.facebook.com/pages/Nkolakovic/277158389068610


https://www.instagram.com/nkolakovic/
https://twitter.com/NKolakovic"
t9P5edXk8gI,https://www.youtube.com/watch?v=t9P5edXk8gI,Coby Sheehan for Callahan 2024,Coby Sheehan   ,2024,D1,873.0,2 days into college - Aimee Carty
tArGze15K6k,https://www.youtube.com/watch?v=tArGze15K6k,Couper Kerns - Donovan 2026,Couper Kerns -  ,2026,D3,1150.0,Compton - Kendrick Lamar|Mary Jane's Last Dance - Tom Petty and the Heartbreakers 
tChXkKy8oDs,https://www.youtube.com/watch?v=tChXkKy8oDs,Jonah Rominski Callahan 2026,Jonah Rominski  ,2026,D1,219.0,no songs found
tFrd8tlb_ew,https://www.youtube.com/watch?v=tFrd8tlb_ew,Calvin Brown Callahan 2023,Calvin Brown  ,2023,D1,50567.0,Sun - Two Door Cinema Club|Tous les mêmes (speed up) - Stromae
tGDV0BsAzWw,https://www.youtube.com/watch?v=tGDV0BsAzWw,Nate Astrom Callahan Teaser,Nate Astrom  Teaser,unknown,D1,515.0,Roses - The Chainsmokers
tKb8qjJnuHw,https://www.youtube.com/watch?v=tKb8qjJnuHw,Gabe Hernandez | SW Regionals Finals | Callahan 2018 (GO TO LINK IN DESCRIPTION),Gabe Hernandez  SW Regionals Finals    (GO TO LINK IN DESCRIPTION),2018,D1,21429.0,"Song: My Shot-Rise Up Remix by The Roots, Busta Rhymes, Joell Ortiz, and Nate Ruess

Edited by Kevin Tien"
tO3BqATrpsU,https://www.youtube.com/watch?v=tO3BqATrpsU,Matt Chandler Callahan 2016,Matt Chandler  ,2016,D1,6774.0,no songs found
tTGs9Aul6Zc,https://www.youtube.com/watch?v=tTGs9Aul6Zc,Caliente 2016 Callahan Nomination - Cynthia Thomas,Caliente   Nomination - Cynthia Thomas,2016,D1,1223.0,no songs found
tTyCyCHwvYI,https://www.youtube.com/watch?v=tTyCyCHwvYI,James Kennelly for Callahan 2023 Teaser,James Kennelly    Teaser,2023,D1,2552.0,"Portals (From ""Avengers: Endgame""/Score) - Alan Silvestri"
tTzVxBRgu1Q,https://www.youtube.com/watch?v=tTzVxBRgu1Q,Caleb Grant for Donovan 2023,Caleb Grant   ,2023,D3,1191.0,"Music: Fabulous Ft Jeremih ""It's My Time""
https://www.youtube.com/watch?v=jcTEV67-zc0"
thdKMME3jsU,https://www.youtube.com/watch?v=thdKMME3jsU,Morgan Strong for Callahan 2026,Morgan Strong   ,2026,D1,117.0,Rocky Mountain Way - Joe Walsh
tmyk43lggk4,https://www.youtube.com/watch?v=tmyk43lggk4,Henry Ing Callahan 2023,Henry Ing  ,2023,D1,32886.0,Down to You - Jagwar Twin
toSkzYMlJFM,https://www.youtube.com/watch?v=toSkzYMlJFM,Dylan Wu (Callahan Teaser),Dylan Wu ( Teaser),unknown,D1,462.0,Dracula (JENNIE Remix) - Tame Impala
tuFarHEShh8,https://www.youtube.com/watch?v=tuFarHEShh8,Aidan Downey | Callahan 2024 | TEASER,Aidan Downey     TEASER,2024,D1,5967.0,Let's Get It Started / Third Eye - The Black Eyed Peas
u-lqiYCQAwA,https://www.youtube.com/watch?v=u-lqiYCQAwA,Jack Brown Callahan 2024: The Interlude,Jack Brown   The Interlude,2024,D1,4006.0,Public Service Announcement (Interlude) - JAŸ-Z
u7d58WspU0Q,https://www.youtube.com/watch?v=u7d58WspU0Q,Sophie Darch,Sophie Darch,unknown,D1,5807.0,no songs found
uBhtdMmveDg,https://www.youtube.com/watch?v=uBhtdMmveDg,Connor Rock for Callahan 2016,Connor Rock   ,2016,D1,4536.0,no songs found
uDASOlMn6MQ,https://www.youtube.com/watch?v=uDASOlMn6MQ,Colorado State's Cody Spicer for Callahan,Colorado State's Cody Spicer  ,unknown,D1,5990.0,"Music:  Pluto x ye. - Feel The Fire (Bronze Whale Remix)
Media Courtesy of: Ultiworld, Ultiworld Deep Look, Dylan Custer, Nick Banks, Mo Scott, Jake Marrapode"
uH6CfMirWGQ,https://www.youtube.com/watch?v=uH6CfMirWGQ,Max Ramstad Callahan 2022,Max Ramstad  ,2022,D1,1707.0,"Thunderstruck - 2CELLOS|Candyman - Zedd, Aloe Blacc"
uJf99sPJ7vs,https://www.youtube.com/watch?v=uJf99sPJ7vs,Jacques Nissen Callahan 2024 [EXTENDED CUT],Jacques Nissen   [EXTENDED CUT],2024,D1,8036.0,Welcome to the Jungle - Tommee Profitt|Quiet On Set - Remi Wolf|Shotput - Still Woozy|Hello Hello Hello - Remi Wolf
uNZs9A4lKRs,https://www.youtube.com/watch?v=uNZs9A4lKRs,Zach Slayton for Callahan 2023,Zach Slayton   ,2023,D1,2887.0,"Music - Dreamscapes by Sam Gellaitry

This was not created for profit."
uSVTVJ9lOSg,https://www.youtube.com/watch?v=uSVTVJ9lOSg,Jonathan Nethercutt Callahan 2015 - Extended Cut,Jonathan Nethercutt   - Extended Cut,2015,D1,18782.0,"Music:
Game Of Thrones Theme (Noya Remix)
Kendrick Lamar - ""I""
Troy Ave - ""Doo Doo""

Edited by Ben Snell

Thanks to Ultiworld, ESPN, and NGN for film
Thanks to Ultiphotos and Brian Whittier for pictures
Thanks to our sponsors DiscStore, Patagonia, and E.R.I.C."
uTlYqr8Lz4I,https://www.youtube.com/watch?v=uTlYqr8Lz4I,Gabe Hernandez Callahan 2018,Gabe Hernandez  ,2018,D1,63735.0,"Song: Macklemore & Ryan Lewis - Can't Hold Us

Special Thanks to Ultiworld, NKolakovic, the Dallas Roughnecks, and Stanford Club Sports for the footage."
uW_3Dx7uV_M,https://www.youtube.com/watch?v=uW_3Dx7uV_M,Ivy Harrison Callahan 2020,Ivy Harrison  ,2020,D1,1145.0,CLONES - Tierra Whack
ualr2HE2gjI,https://www.youtube.com/watch?v=ualr2HE2gjI,Lucas Richie Donovan Nomination,Lucas Richie  Nomination,unknown,D3,633.0,no songs found
ufXdoaBOBw0,https://www.youtube.com/watch?v=ufXdoaBOBw0,Kaplan Maurer for Callahan 2017,Kaplan Maurer   ,2017,D1,4352.0,no songs found
upslsjltbEE,https://www.youtube.com/watch?v=upslsjltbEE,"Izzie ""McQueen"" Germain Callahan 2025","Izzie ""McQueen"" Germain  ",2025,D1,720.0,Crazy Train (Album Version) - Ozzy Osbourne
urOv7st9uqk,https://www.youtube.com/watch?v=urOv7st9uqk,Katy Stoltz for Callahan 2013,Katy Stoltz   ,2013,D1,1805.0,no songs found
v0UOccMuBRM,https://www.youtube.com/watch?v=v0UOccMuBRM,Eliana Norton for Callahan 2024,Eliana Norton   ,2024,D1,765.0,沸 - 張藝興|Tick Tick Boom (feat. BygTwo3) (From 'SCOOB!' The Album) - Sage The Gemini|I Gotta Feeling (Edit) - The Black Eyed Peas
vC_F4inIJI8,https://www.youtube.com/watch?v=vC_F4inIJI8,"Carter ""Pumba"" Lynn for Callahan 2023","Carter ""Pumba"" Lynn   ",2023,D1,1038.0,no songs found
vNNmGmmRXfI,https://www.youtube.com/watch?v=vNNmGmmRXfI,Tiffany Phan for Callahan 2017,Tiffany Phan   ,2017,D1,2568.0,"Song: San Holo - We Rise

Senior at Western Washington University

#5 on Chaos

There is no doubt that Tiffany Phan is one of the most talented Ultimate players out there. She joined the Ultimate family in 8th grade, and has since played with and against talented individuals from across the country. From her role as captain at Franklin High School, to representing team USA at U19 Junior Worlds in 2012 and 2014, to playing on Underground, the experience Tiff brings to any team is extensive. Tiff stands out on the field with her fierce handler motion and a face of determination that can instantly turn into the widest smile in the universe. Her first year at Western, she was on the USA Ultimate All-Freshman Northwest team. In her fourth and final year, Tiff has become a passionate leader and captain of Chaos. Tiffany is the role model the Ultimate community needs. She has dedicated her life to this sport, and has overcome physical, economic and racial barriers to get to where she stands now. Coming from a low-income community of color, Tiff has worked twice as hard to pay for school, build self-confidence, and give 110% at every practice. When Tiff tore her ACL and was out for the season, she still came to every game to support her teammates. She has actively built and maintained relationships with the Ultimate community, coaching and volunteering with youth programs in Seattle. Tiff is dedicated to making Ultimate accessible to all, and to empowering girls to believe in themselves. Tiffany may be the shortest person on Chaos, but we all look up to her. She has worked this season to not only make us better players, but better people. She approaches this sport with humility and compassion, while still bringing intensity that pushes teammates and competitors alike to play at a higher level. Love, trust, grit—Phan for Callahan!

http://callahan.ultimatecentral.com/2017-nominees?nom_id=145948"
v_CTJu8woJA,https://www.youtube.com/watch?v=v_CTJu8woJA,Cole Jurek - 2021 Callahan Nominee,Cole Jurek -   ,2021,D1,13275.0,"Bad Boy - Juice WRLD, Young Thug"
vaixRfPZngA,https://www.youtube.com/watch?v=vaixRfPZngA,Collin Hill for Donovan 2024,Collin Hill   ,2024,D3,3656.0,Might Be - Anderson .Paak|King Is Born - Aloe Blacc
vcVIAnOzT5I,https://www.youtube.com/watch?v=vcVIAnOzT5I,Nate Donaher Callahan 2019,Nate Donaher  ,2019,D1,2173.0,no songs found
vdwiUDlXvr0,https://www.youtube.com/watch?v=vdwiUDlXvr0,"Anna ""2bunz"" Wysen for Callahan 2019","Anna ""2bunz"" Wysen   ",2019,D1,3380.0,no songs found
vgrV2RkKV3A,https://www.youtube.com/watch?v=vgrV2RkKV3A,Eric Li Callahan 2021,Eric Li  ,2021,D1,4367.0,S.L.U.T. - Bea Miller
vh8-CNCY93s,https://www.youtube.com/watch?v=vh8-CNCY93s,Justin Keller For Donovan,Justin Keller  ,unknown,D3,1553.0,music. Misery Business by Paramore.
vijomhd1e6o,https://www.youtube.com/watch?v=vijomhd1e6o,Stephanie Phillips Callahan 2022,Stephanie Phillips  ,2022,D1,3810.0,All For Us - Labrinth
vl30YuZqh6E,https://www.youtube.com/watch?v=vl30YuZqh6E,Sofia Taberski for Donovan 2025,Sofia Taberski   ,2025,D3,460.0,INDUSTRY BABY (EXTENDED) - Lil Nas X
vtj7hW6CSJE,https://www.youtube.com/watch?v=vtj7hW6CSJE,Kobi McCracken Callahan 2024,Kobi McCracken  ,2024,D1,604.0,Split/Whole Time - Lil Yachty|atomic - Aziya
vzjBX8zn8o0,,,,,,,B.A.S. (feat. Kyle Richh) - Megan Thee Stallion|I Love It - Icona Pop
w0mx3et2yac,https://www.youtube.com/watch?v=w0mx3et2yac,Gemma Munck for Donovan 2024,Gemma Munck   ,2024,D3,406.0,Baianá - Bakermat
w1VdXextUkc,https://www.youtube.com/watch?v=w1VdXextUkc,Elise Freedman - Callahan 2025,Elise Freedman -  ,2025,D1,2530.0,Crazy in Love - Beyoncé
w1xe1IrCVOU,https://www.youtube.com/watch?v=w1xe1IrCVOU,Alex Kirages for Callahan 2026,Alex Kirages   ,2026,D1,1094.0,Close To Me - LOCKBOX
w9vHJtuUbUI,https://www.youtube.com/watch?v=w9vHJtuUbUI,Cody Coates Callahan 2020,Cody Coates  ,2020,D1,1676.0,Kickstart My Heart - Mötley Crüe
wBzailiGO7k,https://www.youtube.com/watch?v=wBzailiGO7k,Johnny Sims for Callahan 2020,Johnny Sims   ,2020,D1,2751.0,Johnny B. Goode - Judas Priest
wCC2gAYPtx8,https://www.youtube.com/watch?v=wCC2gAYPtx8,AMY ZHOU FOR CALLAHAN,AMY ZHOU FOR CALLAHAN,unknown,D1,2467.0,no songs found
wJyWz9m96AA,https://www.youtube.com/watch?v=wJyWz9m96AA,Kyle Halstater for Callahan 2024,Kyle Halstater   ,2024,D1,2107.0,Buddy Holly - Weezer
wTDSRB20IW0,https://www.youtube.com/watch?v=wTDSRB20IW0,"Sam ""CLIFFORD"" Rice for Donovan 2026","Sam ""CLIFFORD"" Rice   ",2026,D3,243.0,Go To Town - Doja Cat
wcryIiSf8bg,https://www.youtube.com/watch?v=wcryIiSf8bg,Michael Snead Callahan 2022,Michael Snead  ,2022,D1,877.0,"Dissolve - Absofacto, NITESHIFT"
wfm38Tg_tJY,https://www.youtube.com/watch?v=wfm38Tg_tJY,"Tufts Ewo Present: Megan ""Moose"" Wilson for Callahan 2018","Tufts Ewo Present Megan ""Moose"" Wilson   ",2018,D1,2401.0,no songs found
whYkmthSqyY,https://www.youtube.com/watch?v=whYkmthSqyY,Sadie for Callahan 2019,Sadie   ,2019,D1,7098.0,Burn The House Down - AJR
wjnCZ5IlJpc,https://www.youtube.com/watch?v=wjnCZ5IlJpc,Mike Prasauskas for Callahan 2020,Mike Prasauskas   ,2020,D1,2932.0,Fortunate Son - Creedence Clearwater Revival|Love$ick - Mura Masa
wsrSFZupOY0,https://www.youtube.com/watch?v=wsrSFZupOY0,Eliza Williams-Derry Donovan 26',Eliza Williams-Derry  26',unknown,D3,315.0,Baby Got Back - Sir Mix-A-Lot
wwbwPu8MWXw,https://www.youtube.com/watch?v=wwbwPu8MWXw,Alec White - Callahan 2026,Alec White -  ,2026,D1,435.0,Sith Lord - BabyTron
x-OrJ2WUZoQ,https://www.youtube.com/watch?v=x-OrJ2WUZoQ,#19 Drew Grant Callahan 2025,#19 Drew Grant  ,2025,D1,2269.0,"Stay - Zedd, Alessia Cara|out for the night (part 2) - 21 Savage"
x25w3uvu2vk,https://www.youtube.com/watch?v=x25w3uvu2vk,Carter Lankford - Callahan 2026,Carter Lankd -  ,2026,D1,5651.0,"Paramedic! - SOB x RBE|Change Me - BigXthaPlug|4th Dimension - Kids See Ghosts|Starman (Original Single Mix, 2015 Remaster) - David Bowie"
x2HKE8gDR7g,https://www.youtube.com/watch?v=x2HKE8gDR7g,Theresa Yu for Callahan 2024,Theresa Yu   ,2024,D1,8235.0,brutal - Olivia Rodrigo
x2YmKl0mCx8,https://www.youtube.com/watch?v=x2YmKl0mCx8,Trevor Lynch for Callahan 2022,Trevor Lynch   ,2022,D1,12417.0,The World Is Mine (Whole World Ahead) - Samm Henshaw
x84pWybfPbI,https://www.youtube.com/watch?v=x84pWybfPbI,Vincent Fan for Callahan 2026,Vincent Fan   ,2026,D1,647.0,Viva La Vida - Coldplay
xHOFOxY65hQ,https://www.youtube.com/watch?v=xHOFOxY65hQ,Ryan Smith - Donovan 2022 - John Brown Ironskies,Ryan Smith -   - John Brown Ironskies,2022,D3,391.0,Blue World - Mac Miller|4 Da Kidz - Kid Cudi
xJR3IFlXZo0,https://www.youtube.com/watch?v=xJR3IFlXZo0,Jacob Herz - Callahan 2026,Jacob Herz -  ,2026,D1,3204.0,Over the Hills and Far Away (Remaster) - Led Zeppelin
xM1Wz4RxLo4,https://www.youtube.com/watch?v=xM1Wz4RxLo4,Carlo Vanni for Callahan 2025,Carlo Vanni   ,2025,D1,628.0,Assumptions - Sam Gellaitry
xMvmtF3xWu4,https://www.youtube.com/watch?v=xMvmtF3xWu4,Alvaro Noe Guzman for Callahan 2024,Alvaro Noe Guzman   ,2024,D1,738.0,"GUISO - AgusFortnite2008, Stiffy|PIE EN LA PISTA - AgusFortnite2008, Stiffy, Dj Smokey"
xMxC-ltwn4k,https://www.youtube.com/watch?v=xMxC-ltwn4k,Anna Pettis for Callahan 2026,Anna Pettis   ,2026,D1,1931.0,"Gimme More (""Kimme More"" Remix) - Britney Spears"
xd4ibk4d4C8,https://www.youtube.com/watch?v=xd4ibk4d4C8,Tom James for Callahan 2009,Tom James   2009,unknown,D1,9062.0,no songs found
xh3QPDny0CE,https://www.youtube.com/watch?v=xh3QPDny0CE,Jonny For Callahan,Jonny  ,unknown,D1,10573.0,no songs found
xlwL_vSsIPI,https://www.youtube.com/watch?v=xlwL_vSsIPI,Ian Sweeney Callahan 2019,Ian Sweeney  ,2019,D1,14386.0,no songs found
xmh04W38Wf4,https://www.youtube.com/watch?v=xmh04W38Wf4,Caroline O'Connell Callahan 2021,Caroline O'Connell  ,2021,D1,1820.0,Sweet Caroline - Neil Diamond|Fallin’ (Adrenaline) (Acoustic) - Why Don't We|Fallin’ (Adrenaline) (GOLDHOUSE Remix) - Why Don't We
xnJMD7DJHgs,https://www.youtube.com/watch?v=xnJMD7DJHgs,John Ready for Donovan 2026,John Ready   ,2026,D3,636.0,"Bitch, Don’t Kill My Vibe (Remix / Explicit Version) - Kendrick Lamar|Rocketeer (Blazin’ Digimix - Australia Only Version) - Far East Movement"
xqMN9oTqzcc,https://www.youtube.com/watch?v=xqMN9oTqzcc,"Ben ""Londish"" Sadok for Callahan 2014","Ben ""Londish"" Sadok   ",2014,D1,1564.0,The Show Must Go On - Queen
xrIqewwZnuM,https://www.youtube.com/watch?v=xrIqewwZnuM,Jonathan Steiner for Callahan 2023,Jonathan Steiner   ,2023,D1,2678.0,Johny Says Stay Cool - Babe Rainbow
xt67C4DPoZg,https://www.youtube.com/watch?v=xt67C4DPoZg,Travis Carpenter Callahan 2015,Travis Carpenter  ,2015,D1,27114.0,no songs found
xtimzKQoG3o,https://www.youtube.com/watch?v=xtimzKQoG3o,Matt Nieto | Callahan 2025,Matt Nieto   ,2025,D1,3100.0,Welcome To The Jungle - Guns N' Roses|Runaway Baby - Bruno Mars|I Love - Joyner Lucas
xwoHHbLB2Tw,https://www.youtube.com/watch?v=xwoHHbLB2Tw,Myles Grady Callahan 2018,Myles Grady  ,2018,D1,2292.0,no songs found
y2KMiGLUtHQ,https://www.youtube.com/watch?v=y2KMiGLUtHQ,Bethany Kaylor 2015 Callahan,Bethany Kaylor  ,2015,D1,5085.0,no songs found
y5UnYABvQDs,https://www.youtube.com/watch?v=y5UnYABvQDs,Markham Shofner - Callahan 2011,Markham Shofner -  2011,unknown,D1,14333.0,"Music:
Ocean -
John Butler Trio"
y7nxgnUi-JA,https://www.youtube.com/watch?v=y7nxgnUi-JA,"Maddy ""Biscuit"" Boyle for Callahan | Oregon Fugue 2020","Maddy ""Biscuit"" Boyle    Oregon Fugue ",2020,D1,3334.0,Body Talks - The Struts
y7sZI7dVdl0,https://www.youtube.com/watch?v=y7sZI7dVdl0,Ellie Heil Donovan 2022,Ellie Heil  ,2022,D3,434.0,The Spins - Mac Miller|Scuse Me - Lizzo
yAxkZGD3dIY,https://www.youtube.com/watch?v=yAxkZGD3dIY,"Ryan ""Calves"" Lee for Callahan 2024 Teaser","Ryan ""Calves"" Lee    Teaser",2024,D1,526.0,Cinderella Man - Eminem
yEEVvOOyghA,https://www.youtube.com/watch?v=yEEVvOOyghA,"Denika ""Sonic"" Hallin | Callahan 2023 Nominee","Denika ""Sonic"" Hallin    ",2023,D1,829.0,"Music Credits: BILLIE EILISH. - Armani White
Editor: Marlo Ramada
Assistant Editors: D-Co Womxn's Ultimate"
yFqlCjRsva0,https://www.youtube.com/watch?v=yFqlCjRsva0,Luca Duclos-Orsello Callahan 2025,Luca Duclos-Orsello  ,2025,D1,3177.0,Midnight City - M83
yKc4pszJ2aI,https://www.youtube.com/watch?v=yKc4pszJ2aI,Helen Eifert and Hartel Smith for Donovan 2018,Helen Eifert and Hartel Smith   ,2018,D3,2195.0,no songs found
yNl9Xk3VX1s,https://www.youtube.com/watch?v=yNl9Xk3VX1s,Jeremy Bernier for Callahan 2022 (UCONN #4),Jeremy Bernier    (UCONN #4),2022,D1,1643.0,Good Time - Fox Stevenson
yUHlYybGHXc,https://www.youtube.com/watch?v=yUHlYybGHXc,KJ Koo Callahan 2022,KJ Koo  ,2022,D1,10637.0,no songs found
yX0ShzmJFsU,https://www.youtube.com/watch?v=yX0ShzmJFsU,Jalen Bolton-Steiner for Donovan 2026,Jalen Bolton-Steiner   ,2026,D3,765.0,"Noid - Tyler, The Creator|Crank That (Soulja Boy) [Travis Barker Remix] - Soulja Boy Tell'em|Baby Keem - Baby Keem|Ca$ino - Baby Keem"
y_9Hhds2Tss,https://www.youtube.com/watch?v=y_9Hhds2Tss,NYU’s Antonio Brewer #7 for Callahan 2022,NYU’s Antonio Brewer #7   ,2022,D1,1409.0,"Lemon (Drake Remix) - N.E.R.D, Rihanna"
yaT15pZE5b0,https://www.youtube.com/watch?v=yaT15pZE5b0,David Atwood for Callahan,David Atwood  ,unknown,D1,759.0,"Music: Unlock it (Lock it) by Charli XCX (feat. Kim Petras, Jay Park); Shabba by A$AP Ferg (feat. A$AP Rocky)."
ybb6m7p99U8,https://www.youtube.com/watch?v=ybb6m7p99U8,David Joubran Callahan 2025,David Joubran  ,2025,D1,297.0,"Love Me Again - John Newman|Sweet Dreams (Are Made of This) [2018 Remastered] (2018 Remastered) - Eurythmics|Ain't No Mountain High Enough (Ben Human Remix) - Marvin Gaye, Tammi Terrell"
ymqDAiVkfk4,https://www.youtube.com/watch?v=ymqDAiVkfk4,Sara Liang for Callahan 2023,Sara Liang   ,2023,D1,7125.0,2 Be Loved (Am I Ready) - Lizzo
youO9vVnTvs,https://www.youtube.com/watch?v=youO9vVnTvs,Caitlin Go for Callahan 2018,Caitlin Go   ,2018,D1,2207.0,no songs found
ypg1Lii6EMw,https://www.youtube.com/watch?v=ypg1Lii6EMw,Ricky Kirkpatrick for Callahan 2020,Ricky Kirkpatrick   ,2020,D1,1342.0,"Song Credits: XE3 x Wild For The Night (Remk Mashup)

Edited by Chris Doehring and Jake Shoyer"
yt1WzC62TMk,https://www.youtube.com/watch?v=yt1WzC62TMk,Alexandre Fall for Callahan 2019,Alexandre Fall   ,2019,D1,6567.0,Song: Unstoppable - The Score
yxkHum_rflY,https://www.youtube.com/watch?v=yxkHum_rflY,Vienna Lee Callahan 2023,Vienna Lee  ,2023,D1,1884.0,"Music credits: 
We Ready - Archie Eversole ft. Bubba Sparxxx
Hey Mama - David Guetta ft. Nicki Minaj"
yzvk6ca8yLE,https://www.youtube.com/watch?v=yzvk6ca8yLE,"Michael ""Tackle Mike"" Xiao for Callahan","Michael ""Tackle Mike"" Xiao  ",unknown,D1,1163.0,Make Way For The King - Ohana Bam
z06RUaXWSw4,https://www.youtube.com/watch?v=z06RUaXWSw4,"Jillian ""Dip"" Magtoto for Callahan 2023","Jillian ""Dip"" Magtoto   ",2023,D1,310.0,no songs found
z1uSA8hRq5U,https://www.youtube.com/watch?v=z1uSA8hRq5U,Luke Fitz Doyle for Callahan 2016,Luke Fitz Doyle   ,2016,D1,4955.0,no songs found
z25M991dhFY,https://www.youtube.com/watch?v=z25M991dhFY,Chris McGlynn for Callahan 2018 #McAllahan,Chris McGlynn    #McAllahan,2018,D1,1583.0,no songs found
z4fjmnptmhg,https://www.youtube.com/watch?v=z4fjmnptmhg,"Will ""Gumball"" Murdock for Donovan 2026","Will ""Gumball"" Murdock   ",2026,D3,466.0,Looking Out for You - Joy Again
z7wE1EnJClU,https://www.youtube.com/watch?v=z7wE1EnJClU,Darkside Callahan 2014 Preview,Darkside   Preview,2014,D1,6296.0,no songs found
zA9QxRnMSwg,https://www.youtube.com/watch?v=zA9QxRnMSwg,"Luke ""Barry Barrett for Donovan 2025","Luke ""Barry Barrett   ",2025,D3,467.0,no songs found
zCJ7mRKTqDY,https://www.youtube.com/watch?v=zCJ7mRKTqDY,Emma Williamson for Callahan 2025,Emma Williamson   ,2025,D1,2427.0,Garden Of Eden - Lady Gaga
zQHSdneR1-Q,https://www.youtube.com/watch?v=zQHSdneR1-Q,Orlando Impas - Donovan 2026,Orlando Impas -  ,2026,D3,2728.0,Since The K - Rockout Danny|Someone To Call My Lover - Janet Jackson
zUTOPrmq8gY,https://www.youtube.com/watch?v=zUTOPrmq8gY,WHITMAN SWEETS CALLAHAN 2022,WHITMAN SWEETS CALLAHAN ,2022,D1,818.0,Narcos - Migos
zjbKmaqI64Q,https://www.youtube.com/watch?v=zjbKmaqI64Q,"Jesus Osorio ""Zeus"" - Donovan 2017","Jesus Osorio ""Zeus"" -  ",2017,D3,2694.0,song : Superhero - MonstaBeatz  - E.L (i'd love to change the world Remix)
znpEeTI1gI4,https://www.youtube.com/watch?v=znpEeTI1gI4,UNH's Bridget Bailey Callahan 2020,UNH's Bridget Bailey  ,2020,D1,833.0,Heaven Falls / Fall On Me - Surfaces|Womanizer - Britney Spears
zrSe0yyCA2g,https://www.youtube.com/watch?v=zrSe0yyCA2g,Anna Thompson for Callahan 2019,Anna Thompson   ,2019,D1,17086.0,The Night King - Ramin Djawadi|Come Down - Anderson .Paak
zs9uRblKLeg,https://www.youtube.com/watch?v=zs9uRblKLeg,Radu Mitran Callahan 2017,Radu Mitran  ,2017,D1,2051.0,"Music:
NGHTMRE SLANDER - Gud Vibrations
O-Zone - Dragostea Din Tei (Techno Makina Remix)"
zxdhdfEE8wc,,,,,,,Give It To Me - Skinny Beats
